Alpha,Media_Frac_Coop,Desvio_Padrao_da_Media,Semente_Base
0.1,0.5711046177777778,0.0003615548004679618,20242025
0.2,0.5698759644444444,0.0005859884266575528,20242025
0.3,0.5696302666666667,0.0004514821313883416,20242025
0.4,0.5700793555555556,0.00044101990038243393,20242025
0.5,0.5711993111111111,0.0005287778744740865,20242025
0.6,0.5698728488888889,0.00043871376092491745,20242025
0.7,0.570015688888889,0.00038080787749918534,20242025
0.8,0.5700080177777778,0.00037125559900131407,20242025
0.9,0.5695928266666667,0.0004703673323283405,20242025
