Grau_Medio,Media_Frac_Coop,Desvio_Padrao_da_Media,Semente_Base
2,0.7973986666666667,0.002217534084049414,20242025
4,0.6260066666666667,0.001102652832910322,20242025
6,0.5701308888888889,0.0007681630006419085,20242025
8,0.5462935555555556,0.0007145833684907702,20242025
10,0.5331244444444444,0.0006307014688209164,20242025
12,0.5267143333333334,0.0007074540354236972,20242025
14,0.5220487777777778,0.000654270947050109,20242025
16,0.5190174444444443,0.000635327667395365,20242025
18,0.5155146666666667,0.0006538784948396383,20242025
20,0.5149036666666668,0.0007122528270246402,20242025
