Grau_Medio,BA_Media_Frac_Coop,BA_Desvio_Padrao_da_Media,ER_Media_Frac_Coop,ER_Desvio_Padrao_da_Media,Semente_Base
2,0.8289347777777778,0.000986105826045723,0.7965022222222222,0.0027344910261849977,20242025
4,0.6173574444444445,0.0010395537881233829,0.6282198888888888,0.0009862487657039526,20242025
6,0.5689544444444443,0.0009936440483767344,0.5737156666666667,0.0013118913716145325,20242025
8,0.5507063333333333,0.0008473919559313142,0.5449774444444445,0.0007249868624853068,20242025
10,0.540087888888889,0.0006523691509123178,0.5319815555555556,0.0007567325737075332,20242025
12,0.5308365555555555,0.0008128835450287652,0.5270247777777778,0.0006829824618751161,20242025
14,0.5250035555555554,0.000745016109620661,0.5208858888888889,0.0006914947492844678,20242025
16,0.5213901111111111,0.0006034585283059598,0.5189294444444444,0.0008023219470744821,20242025
18,0.5202812222222222,0.0007447859965258648,0.5161951111111112,0.0006756011776810328,20242025
20,0.5175723333333334,0.0007676517904168122,0.5136154444444444,0.0006446776840076741,20242025
