Tempo_varreduras,Fracao_Cooperadores,Semente_Base
0.0,0.096,20242025
0.1,0.213,20242025
0.2,0.291,20242025
0.3,0.343,20242025
0.4,0.392,20242025
0.5,0.419,20242025
0.6,0.446,20242025
0.7,0.461,20242025
0.8,0.465,20242025
0.9,0.48,20242025
1.0,0.47,20242025
1.1,0.49,20242025
1.2,0.506,20242025
1.3,0.522,20242025
1.4,0.514,20242025
1.5,0.522,20242025
1.6,0.524,20242025
1.7,0.511,20242025
1.8,0.527,20242025
1.9,0.534,20242025
2.0,0.53,20242025
2.1,0.539,20242025
2.2,0.56,20242025
2.3,0.558,20242025
2.4,0.563,20242025
2.5,0.579,20242025
2.6,0.573,20242025
2.7,0.548,20242025
2.8,0.524,20242025
2.9,0.531,20242025
3.0,0.533,20242025
3.1,0.533,20242025
3.2,0.554,20242025
3.3,0.543,20242025
3.4,0.537,20242025
3.5,0.54,20242025
3.6,0.525,20242025
3.7,0.532,20242025
3.8,0.523,20242025
3.9,0.523,20242025
4.0,0.508,20242025
4.1,0.513,20242025
4.2,0.508,20242025
4.3,0.504,20242025
4.4,0.498,20242025
4.5,0.506,20242025
4.6,0.516,20242025
4.7,0.511,20242025
4.8,0.525,20242025
4.9,0.54,20242025
5.0,0.54,20242025
5.1,0.548,20242025
5.2,0.546,20242025
5.3,0.541,20242025
5.4,0.531,20242025
5.5,0.515,20242025
5.6,0.524,20242025
5.7,0.512,20242025
5.8,0.53,20242025
5.9,0.526,20242025
6.0,0.536,20242025
6.1,0.546,20242025
6.2,0.535,20242025
6.3,0.536,20242025
6.4,0.517,20242025
6.5,0.519,20242025
6.6,0.523,20242025
6.7,0.525,20242025
6.8,0.537,20242025
6.9,0.528,20242025
7.0,0.543,20242025
7.1,0.548,20242025
7.2,0.557,20242025
7.3,0.548,20242025
7.4,0.559,20242025
7.5,0.571,20242025
7.6,0.562,20242025
7.7,0.568,20242025
7.8,0.56,20242025
7.9,0.549,20242025
8.0,0.553,20242025
8.1,0.561,20242025
8.2,0.536,20242025
8.3,0.55,20242025
8.4,0.55,20242025
8.5,0.541,20242025
8.6,0.531,20242025
8.7,0.516,20242025
8.8,0.507,20242025
8.9,0.522,20242025
9.0,0.53,20242025
9.1,0.542,20242025
9.2,0.555,20242025
9.3,0.566,20242025
9.4,0.562,20242025
9.5,0.55,20242025
9.6,0.541,20242025
9.7,0.516,20242025
9.8,0.518,20242025
9.9,0.539,20242025
10.0,0.527,20242025
10.1,0.515,20242025
10.2,0.515,20242025
10.3,0.516,20242025
10.4,0.506,20242025
10.5,0.522,20242025
10.6,0.527,20242025
10.7,0.546,20242025
10.8,0.551,20242025
10.9,0.547,20242025
11.0,0.549,20242025
11.1,0.554,20242025
11.2,0.534,20242025
11.3,0.519,20242025
11.4,0.519,20242025
11.5,0.523,20242025
11.6,0.527,20242025
11.7,0.515,20242025
11.8,0.519,20242025
11.9,0.511,20242025
12.0,0.508,20242025
12.1,0.516,20242025
12.2,0.512,20242025
12.3,0.518,20242025
12.4,0.507,20242025
12.5,0.5,20242025
12.6,0.48,20242025
12.7,0.476,20242025
12.8,0.48,20242025
12.9,0.508,20242025
13.0,0.509,20242025
13.1,0.489,20242025
13.2,0.488,20242025
13.3,0.499,20242025
13.4,0.496,20242025
13.5,0.497,20242025
13.6,0.49,20242025
13.7,0.482,20242025
13.8,0.481,20242025
13.9,0.496,20242025
14.0,0.527,20242025
14.1,0.553,20242025
14.2,0.54,20242025
14.3,0.548,20242025
14.4,0.553,20242025
14.5,0.548,20242025
14.6,0.53,20242025
14.7,0.527,20242025
14.8,0.544,20242025
14.9,0.543,20242025
15.0,0.556,20242025
15.1,0.548,20242025
15.2,0.529,20242025
15.3,0.531,20242025
15.4,0.529,20242025
15.5,0.533,20242025
15.6,0.529,20242025
15.7,0.523,20242025
15.8,0.535,20242025
15.9,0.553,20242025
16.0,0.541,20242025
16.1,0.539,20242025
16.2,0.519,20242025
16.3,0.523,20242025
16.4,0.523,20242025
16.5,0.519,20242025
16.6,0.511,20242025
16.7,0.516,20242025
16.8,0.492,20242025
16.9,0.491,20242025
17.0,0.505,20242025
17.1,0.496,20242025
17.2,0.481,20242025
17.3,0.494,20242025
17.4,0.505,20242025
17.5,0.502,20242025
17.6,0.503,20242025
17.7,0.497,20242025
17.8,0.503,20242025
17.9,0.528,20242025
18.0,0.531,20242025
18.1,0.517,20242025
18.2,0.519,20242025
18.3,0.526,20242025
18.4,0.522,20242025
18.5,0.506,20242025
18.6,0.516,20242025
18.7,0.508,20242025
18.8,0.53,20242025
18.9,0.529,20242025
19.0,0.527,20242025
19.1,0.529,20242025
19.2,0.527,20242025
19.3,0.522,20242025
19.4,0.522,20242025
19.5,0.514,20242025
19.6,0.525,20242025
19.7,0.501,20242025
19.8,0.494,20242025
19.9,0.497,20242025
