Tempo,Fracao_Cooperadores
0,0.894
1,0.883
2,0.867
3,0.854
4,0.829
5,0.812
6,0.794
7,0.783
8,0.763
9,0.74
10,0.725
11,0.71
12,0.708
13,0.696
14,0.693
15,0.686
16,0.674
17,0.662
18,0.644
19,0.611
20,0.617
21,0.621
22,0.596
23,0.594
24,0.606
25,0.626
26,0.626
27,0.631
28,0.629
29,0.617
30,0.601
31,0.595
32,0.578
33,0.568
34,0.566
35,0.57
36,0.577
37,0.563
38,0.554
39,0.562
40,0.556
41,0.543
42,0.553
43,0.541
44,0.547
45,0.537
46,0.554
47,0.548
48,0.532
49,0.524
50,0.539
51,0.543
52,0.561
53,0.566
54,0.558
55,0.57
56,0.569
57,0.573
58,0.581
59,0.581
60,0.578
61,0.574
62,0.582
63,0.562
64,0.57
65,0.567
66,0.555
67,0.559
68,0.572
69,0.564
70,0.559
71,0.554
72,0.547
73,0.548
74,0.563
75,0.558
76,0.563
77,0.554
78,0.551
79,0.539
80,0.557
81,0.566
82,0.549
83,0.544
84,0.559
85,0.567
86,0.549
87,0.574
88,0.549
89,0.563
90,0.549
91,0.563
92,0.538
93,0.547
94,0.547
95,0.559
96,0.571
97,0.56
98,0.559
99,0.556
100,0.555
101,0.541
102,0.548
103,0.55
104,0.551
105,0.552
106,0.53
107,0.534
108,0.535
109,0.551
110,0.548
111,0.566
112,0.551
113,0.542
114,0.535
115,0.526
116,0.539
117,0.547
118,0.557
119,0.565
120,0.562
121,0.571
122,0.557
123,0.556
124,0.555
125,0.554
126,0.56
127,0.547
128,0.551
129,0.542
130,0.537
131,0.553
132,0.549
133,0.539
134,0.527
135,0.517
136,0.544
137,0.549
138,0.552
139,0.522
140,0.53
141,0.528
142,0.53
143,0.544
144,0.535
145,0.543
146,0.545
147,0.555
148,0.561
149,0.564
150,0.548
151,0.56
152,0.556
153,0.553
154,0.556
155,0.564
156,0.546
157,0.544
158,0.541
159,0.545
160,0.545
161,0.558
162,0.549
163,0.546
164,0.552
165,0.558
166,0.567
167,0.565
168,0.553
169,0.544
170,0.558
171,0.545
172,0.558
173,0.559
174,0.576
175,0.566
176,0.538
177,0.546
178,0.553
179,0.558
180,0.56
181,0.576
182,0.592
183,0.583
184,0.578
185,0.573
186,0.576
187,0.569
188,0.548
189,0.563
190,0.558
191,0.553
192,0.557
193,0.569
194,0.573
195,0.556
196,0.556
197,0.566
198,0.545
199,0.544
