tempo,medias_das_fracoes
0,0.5006333333333333
1,0.5014666666666666
2,0.5022
3,0.5055
4,0.5112
5,0.5169999999999999
6,0.5240666666666667
7,0.5295333333333334
8,0.5294
9,0.5353333333333335
10,0.5417000000000001
11,0.5442666666666667
12,0.5470000000000002
13,0.5509666666666668
14,0.5535999999999999
15,0.5564333333333333
16,0.5574333333333333
17,0.5572
18,0.5592666666666666
19,0.5583000000000002
20,0.5586000000000001
21,0.5596666666666668
22,0.5618999999999998
23,0.5610999999999999
24,0.5635333333333334
25,0.5617333333333332
26,0.5601
27,0.5627999999999999
28,0.5653333333333334
29,0.5649333333333334
30,0.5663333333333334
31,0.5693666666666666
32,0.5679666666666667
33,0.5686
34,0.5691666666666665
35,0.5696333333333334
36,0.5685999999999999
37,0.5699333333333332
38,0.5677333333333333
39,0.5713
40,0.5752333333333333
41,0.5764999999999999
42,0.5760666666666665
43,0.5784666666666668
44,0.5787333333333332
45,0.5774666666666666
46,0.5779333333333335
47,0.5809333333333332
48,0.5824333333333331
49,0.5867
50,0.5845
51,0.5864999999999999
52,0.5864666666666667
53,0.5874
54,0.5886666666666667
55,0.5848666666666668
56,0.5866666666666666
57,0.5890333333333334
58,0.5837
59,0.5858
60,0.5855333333333334
61,0.5873666666666666
62,0.5847000000000001
63,0.5809666666666666
64,0.5819333333333332
65,0.5826999999999999
66,0.5817
67,0.5832333333333332
68,0.5841999999999998
69,0.5860000000000002
70,0.5825
71,0.5807666666666669
72,0.5806333333333332
73,0.5821666666666666
74,0.5821000000000001
75,0.5846999999999999
76,0.5855999999999999
77,0.5817666666666667
78,0.5808
79,0.5795999999999999
80,0.5813333333333334
81,0.5789666666666667
82,0.5848
83,0.5884333333333335
84,0.5898333333333334
85,0.5891333333333333
86,0.5911333333333332
87,0.5910666666666666
88,0.5914666666666668
89,0.5855
90,0.5866
91,0.5856333333333335
92,0.5876666666666666
93,0.5839333333333332
94,0.5851333333333333
95,0.5849999999999997
96,0.5901333333333335
97,0.5905333333333335
98,0.5926666666666666
99,0.5911333333333334
100,0.5899999999999999
101,0.5886
102,0.5895333333333336
103,0.5877
104,0.5870000000000001
105,0.5841333333333333
106,0.5826666666666667
107,0.5831000000000001
108,0.5852000000000002
109,0.5869000000000002
110,0.5882
111,0.5884
112,0.5888666666666665
113,0.5883
114,0.5904000000000001
115,0.5929666666666666
116,0.5963666666666666
117,0.5944333333333333
118,0.5976999999999999
119,0.5977333333333334
120,0.5969666666666668
121,0.5948999999999999
122,0.5943999999999999
123,0.592
124,0.5912666666666667
125,0.5895
126,0.5892333333333334
127,0.5929333333333333
128,0.5916666666666667
129,0.5924333333333334
130,0.5923999999999999
131,0.5930666666666666
132,0.5947333333333333
133,0.5961666666666667
134,0.5956333333333335
135,0.5966666666666668
136,0.5948999999999999
137,0.5968
138,0.5965666666666667
139,0.5950666666666665
140,0.5943333333333333
141,0.5932333333333334
142,0.5911333333333333
143,0.5913666666666665
144,0.5915
145,0.5902
146,0.5900666666666669
147,0.5873333333333334
148,0.5923666666666667
149,0.5908000000000001
150,0.5912333333333334
151,0.5916333333333333
152,0.5934333333333333
153,0.5938
154,0.5918666666666665
155,0.5915666666666667
156,0.5927
157,0.5978
158,0.5951
159,0.5932333333333334
160,0.5915999999999999
161,0.5922666666666666
162,0.5928333333333333
163,0.5951
164,0.5961333333333333
165,0.5959666666666668
166,0.5983666666666667
167,0.5969333333333332
168,0.5951999999999998
169,0.5907666666666667
170,0.5872333333333334
171,0.5860333333333331
172,0.5860333333333332
173,0.5881666666666666
174,0.5860999999999998
175,0.5875666666666667
176,0.5892666666666667
177,0.5900999999999998
178,0.5889666666666666
179,0.5891000000000002
180,0.5870666666666667
181,0.5851999999999999
182,0.5852333333333334
183,0.5860333333333334
184,0.5910333333333334
185,0.5881
186,0.5891666666666667
187,0.5882000000000001
188,0.5881666666666667
189,0.5904
190,0.5906666666666667
191,0.5909666666666665
192,0.5892333333333332
193,0.5863666666666666
194,0.5885999999999999
195,0.5890666666666667
196,0.5878666666666666
197,0.5878333333333333
198,0.5855666666666668
199,0.5877666666666667
200,0.5860333333333334
201,0.5872666666666667
202,0.5896333333333333
203,0.5900000000000001
204,0.5871999999999998
205,0.5855
206,0.5864333333333334
207,0.5854333333333333
208,0.5853666666666666
209,0.5848333333333334
210,0.5858333333333332
211,0.586
212,0.5885666666666667
213,0.5886999999999999
214,0.5901666666666666
215,0.5921333333333333
216,0.5899333333333334
217,0.5906000000000001
218,0.5923666666666667
219,0.5918333333333333
220,0.5904333333333334
221,0.5886333333333335
222,0.5878999999999999
223,0.5842999999999999
224,0.5859000000000001
225,0.5841333333333334
226,0.5853666666666667
227,0.5888333333333333
228,0.5907333333333333
229,0.5905333333333332
230,0.5898
231,0.5898000000000001
232,0.5867333333333332
233,0.5882666666666666
234,0.5883999999999999
235,0.5857666666666667
236,0.5863666666666666
237,0.5863333333333333
238,0.5869
239,0.5890666666666667
240,0.5872333333333334
241,0.5865000000000001
242,0.5866333333333333
243,0.5847999999999999
244,0.5870666666666667
245,0.5916333333333333
246,0.5927666666666668
247,0.5907
248,0.5943666666666669
249,0.5916999999999999
250,0.5913999999999998
251,0.5915666666666666
252,0.5904999999999999
253,0.5909666666666666
254,0.5923666666666667
255,0.5907666666666668
256,0.5940333333333333
257,0.5928
258,0.5922333333333334
259,0.5935999999999999
260,0.5956
261,0.5986333333333334
262,0.5985666666666668
263,0.5988333333333332
264,0.5980666666666666
265,0.5971666666666667
266,0.595
267,0.5962666666666666
268,0.5956333333333333
269,0.5955333333333335
270,0.594
271,0.5955333333333332
272,0.5953666666666666
273,0.5960999999999999
274,0.5949333333333333
275,0.5938
276,0.5972666666666666
277,0.5974000000000002
278,0.5992999999999997
279,0.5983666666666667
280,0.5961666666666666
281,0.5952666666666666
282,0.5944000000000002
283,0.5910999999999998
284,0.5932999999999998
285,0.5951000000000001
286,0.5928
287,0.5901333333333334
288,0.5897999999999999
289,0.5916666666666667
290,0.5932333333333333
291,0.5949666666666666
292,0.5957666666666667
293,0.5970000000000001
294,0.5922
295,0.5926000000000001
296,0.5929999999999999
297,0.5939333333333334
298,0.5942000000000001
299,0.5930666666666666
300,0.5908000000000002
301,0.5879666666666667
302,0.5893666666666666
303,0.5913666666666667
304,0.5915333333333332
305,0.5919333333333333
306,0.5944999999999999
307,0.5962666666666666
308,0.6000666666666666
309,0.5988333333333336
310,0.5942666666666666
311,0.5955333333333334
312,0.5933333333333334
313,0.5931666666666666
314,0.5943333333333333
315,0.5919333333333332
316,0.5907
317,0.5911000000000001
318,0.5935666666666666
319,0.5900666666666667
320,0.5897666666666666
321,0.5883999999999999
322,0.5867666666666664
323,0.5878999999999999
324,0.5858333333333334
325,0.5878333333333333
326,0.5908333333333332
327,0.5915666666666667
328,0.5903333333333334
329,0.5939
330,0.5942000000000001
331,0.5921666666666667
332,0.5932333333333334
333,0.5950000000000001
334,0.5964999999999999
335,0.5939333333333334
336,0.5925999999999998
337,0.5915333333333334
338,0.5946000000000001
339,0.5917666666666667
340,0.5887
341,0.5870333333333334
342,0.5871333333333334
343,0.5928666666666668
344,0.5906000000000001
345,0.5903666666666666
346,0.5876666666666667
347,0.5903333333333334
348,0.5906333333333332
349,0.5897
350,0.5875333333333332
351,0.5871
352,0.5902000000000001
353,0.5885666666666666
354,0.5897333333333332
355,0.5910666666666666
356,0.59
357,0.5893333333333334
358,0.5922
359,0.5911666666666666
360,0.5931333333333334
361,0.5915
362,0.5932333333333333
363,0.5946999999999999
364,0.5946666666666665
365,0.5922333333333332
366,0.5899666666666665
367,0.5912666666666666
368,0.5925333333333332
369,0.5938666666666667
370,0.5958333333333332
371,0.5979
372,0.5940666666666666
373,0.594
374,0.5913
375,0.5929333333333333
376,0.5899666666666666
377,0.5901333333333333
378,0.5920666666666665
379,0.5892666666666667
380,0.5904333333333334
381,0.5898666666666668
382,0.5932333333333333
383,0.5946999999999999
384,0.5951666666666665
385,0.5976333333333332
386,0.5935999999999999
387,0.5937666666666668
388,0.5959999999999999
389,0.5925333333333331
390,0.5901333333333334
391,0.5906333333333333
392,0.5921
393,0.5918666666666667
394,0.5906000000000001
395,0.5892333333333334
396,0.5892000000000001
397,0.5884333333333333
398,0.5922333333333334
399,0.5929333333333333
400,0.5895999999999998
401,0.5918333333333333
402,0.5892999999999999
403,0.5916666666666668
404,0.5910666666666665
405,0.5925999999999999
406,0.5912999999999999
407,0.5895666666666666
408,0.5925999999999999
409,0.5919333333333332
410,0.5900666666666666
411,0.5925
412,0.5948666666666665
413,0.5913333333333333
414,0.5889333333333333
415,0.5888333333333333
416,0.5889666666666666
417,0.5901
418,0.5899666666666668
419,0.5891666666666668
420,0.5895999999999998
421,0.5886333333333335
422,0.5880333333333333
423,0.5886999999999999
424,0.5871333333333335
425,0.5875666666666668
426,0.5858333333333332
427,0.5872666666666666
428,0.5908666666666667
429,0.5903666666666668
430,0.5926666666666666
431,0.5925333333333335
432,0.5918666666666667
433,0.5928666666666664
434,0.5926333333333332
435,0.5923333333333333
436,0.5908666666666667
437,0.5898
438,0.5893999999999999
439,0.5915666666666667
440,0.5941666666666666
441,0.5921000000000001
442,0.5936666666666668
443,0.5933666666666665
444,0.5938999999999999
445,0.5914333333333331
446,0.5914
447,0.5892333333333333
448,0.59
449,0.5907666666666668
450,0.5869000000000001
451,0.5894666666666666
452,0.5895666666666667
453,0.5893333333333334
454,0.5922999999999998
455,0.5895666666666666
456,0.591633333333333
457,0.5921666666666667
458,0.5928333333333332
459,0.5921666666666668
460,0.5954
461,0.5964666666666665
462,0.5963999999999999
463,0.5957666666666666
464,0.5950000000000001
465,0.5966999999999999
466,0.5913666666666665
467,0.5923333333333332
468,0.5928666666666665
469,0.5907
470,0.5902333333333334
471,0.5907999999999999
472,0.5890999999999998
473,0.5892
474,0.5867333333333332
475,0.5860333333333333
476,0.5861666666666667
477,0.5881000000000001
478,0.5875333333333332
479,0.5873666666666665
480,0.5864333333333333
481,0.5860999999999998
482,0.5880333333333333
483,0.5869999999999999
484,0.5869333333333333
485,0.5894666666666666
486,0.5903333333333334
487,0.5861999999999999
488,0.5887999999999998
489,0.5920333333333335
490,0.5933333333333333
491,0.5924333333333334
492,0.5930000000000001
493,0.5912333333333333
494,0.5895333333333335
495,0.5912333333333334
496,0.5904
497,0.5871666666666665
498,0.5873333333333333
499,0.5878
500,0.5908666666666668
501,0.5924666666666667
502,0.5932999999999999
503,0.5970999999999999
504,0.5935666666666666
505,0.5921333333333333
506,0.5920999999999998
507,0.5887999999999999
508,0.5886
509,0.5855666666666667
510,0.5860666666666667
511,0.5863666666666665
512,0.5877999999999999
513,0.5874666666666666
514,0.5877
515,0.5874333333333333
516,0.5871333333333334
517,0.5860333333333334
518,0.5854666666666668
519,0.5847333333333332
520,0.5821333333333334
521,0.5797000000000001
522,0.5827000000000001
523,0.5827333333333332
524,0.5800333333333332
525,0.5821333333333334
526,0.5808333333333333
527,0.5836333333333334
528,0.5839999999999999
529,0.584
530,0.5831333333333333
531,0.5870333333333334
532,0.5859
533,0.5837999999999999
534,0.5865333333333334
535,0.5860333333333332
536,0.5879
537,0.5894999999999999
538,0.5923333333333332
539,0.5920333333333333
540,0.5910999999999998
541,0.5883333333333332
542,0.5889666666666665
543,0.5865333333333334
544,0.5912666666666666
545,0.5901666666666666
546,0.5907333333333332
547,0.5904666666666666
548,0.5898
549,0.5887999999999998
550,0.5896333333333332
551,0.5887666666666665
552,0.5916666666666667
553,0.5922000000000001
554,0.5916333333333335
555,0.5923333333333333
556,0.589
557,0.5878333333333333
558,0.5859666666666665
559,0.5930666666666666
560,0.5920999999999998
561,0.5939666666666665
562,0.5931666666666666
563,0.5919
564,0.5929333333333333
565,0.5944666666666667
566,0.5949666666666665
567,0.5920000000000001
568,0.5930999999999998
569,0.5941
570,0.5935333333333332
571,0.5948666666666667
572,0.5928333333333332
573,0.5905666666666666
574,0.5909999999999999
575,0.5900666666666666
576,0.5876666666666668
577,0.5873333333333332
578,0.5881000000000001
579,0.5885
580,0.5891333333333333
581,0.5902333333333334
582,0.5899333333333333
583,0.5927
584,0.5968
585,0.5934000000000001
586,0.5917999999999999
587,0.5895
588,0.5889333333333333
589,0.5885666666666665
590,0.5859333333333333
591,0.5884666666666667
592,0.5914333333333334
593,0.5933333333333333
594,0.5928666666666665
595,0.5948666666666668
596,0.5936
597,0.5945666666666666
598,0.5903333333333334
599,0.5879
600,0.5864333333333334
601,0.5884333333333333
602,0.5887666666666665
603,0.5884333333333331
604,0.5900666666666667
605,0.5884666666666667
606,0.5880333333333332
607,0.5893666666666665
608,0.5887333333333334
609,0.5906666666666667
610,0.5927333333333332
611,0.5879666666666665
612,0.5914999999999999
613,0.5915
614,0.5915666666666666
615,0.5926666666666666
616,0.5890666666666667
617,0.5892999999999998
618,0.5901
619,0.5894999999999998
620,0.5912666666666667
621,0.5937333333333332
622,0.5934666666666667
623,0.5939
624,0.5930333333333332
625,0.5914999999999999
626,0.5916666666666667
627,0.5917666666666664
628,0.5909333333333332
629,0.5884999999999999
630,0.5895666666666666
631,0.5890000000000001
632,0.5905
633,0.5885000000000001
634,0.5912000000000002
635,0.5912
636,0.5903333333333333
637,0.5906666666666667
638,0.5898666666666668
639,0.5894999999999999
640,0.5922666666666668
641,0.5920333333333333
642,0.5951
643,0.5899
644,0.5890000000000001
645,0.5896333333333335
646,0.5912999999999999
647,0.5906333333333332
648,0.5911666666666667
649,0.5909666666666666
650,0.5919
651,0.5911333333333333
652,0.5902666666666667
653,0.5888666666666665
654,0.5917333333333333
655,0.5882999999999999
656,0.5891666666666667
657,0.5900000000000001
658,0.5918666666666665
659,0.5915333333333332
660,0.5907666666666668
661,0.5927666666666667
662,0.5947333333333334
663,0.5909999999999999
664,0.5938333333333331
665,0.5960000000000001
666,0.5928000000000001
667,0.5910666666666666
668,0.5924666666666666
669,0.5911000000000001
670,0.5911333333333334
671,0.5897333333333332
672,0.5903333333333334
673,0.5902666666666667
674,0.5914666666666666
675,0.5905666666666668
676,0.5932333333333334
677,0.5919000000000001
678,0.5917333333333334
679,0.5928
680,0.5906666666666667
681,0.5900666666666666
682,0.5892666666666666
683,0.5881000000000001
684,0.5898000000000001
685,0.5915333333333334
686,0.5884666666666667
687,0.5884666666666666
688,0.5873666666666665
689,0.5827666666666667
690,0.5795666666666666
691,0.5810333333333334
692,0.5810333333333334
693,0.5833999999999999
694,0.5857333333333332
695,0.587
696,0.5861666666666665
697,0.5851333333333333
698,0.5870333333333334
699,0.5890666666666668
700,0.5882666666666668
701,0.5871
702,0.5893666666666666
703,0.5893666666666666
704,0.5882666666666666
705,0.5886333333333333
706,0.5899999999999999
707,0.5879333333333334
708,0.5917999999999999
709,0.5921333333333332
710,0.5877999999999999
711,0.5893333333333334
712,0.5900333333333333
713,0.5898000000000001
714,0.5914333333333333
715,0.5913666666666667
716,0.5933333333333334
717,0.5935666666666667
718,0.5951
719,0.5934999999999999
720,0.5922333333333332
721,0.5932333333333334
722,0.5925666666666668
723,0.5893333333333334
724,0.592
725,0.5895666666666666
726,0.5841000000000002
727,0.5839666666666666
728,0.5792333333333333
729,0.5798
730,0.5817666666666667
731,0.5832333333333334
732,0.5833333333333333
733,0.5828666666666666
734,0.5854999999999999
735,0.5842666666666665
736,0.5834666666666667
737,0.5849333333333334
738,0.5853333333333334
739,0.5851666666666666
740,0.5874333333333334
741,0.5896666666666666
742,0.5903666666666667
743,0.5899333333333331
744,0.5862666666666667
745,0.5826666666666666
746,0.5796666666666667
747,0.5822333333333334
748,0.5859666666666666
749,0.5853333333333335
750,0.5877333333333332
751,0.589
752,0.5910999999999998
753,0.5871999999999998
754,0.5889666666666667
755,0.5858333333333333
756,0.5870999999999998
757,0.5861000000000001
758,0.5859666666666666
759,0.5846999999999998
760,0.5849666666666666
761,0.5842666666666666
762,0.5861666666666667
763,0.5879999999999997
764,0.5885999999999999
765,0.5880666666666665
766,0.5882666666666666
767,0.5891333333333332
768,0.5907666666666667
769,0.5905666666666666
770,0.5899666666666666
771,0.5926333333333332
772,0.5894999999999998
773,0.5922999999999999
774,0.5893666666666665
775,0.5880666666666666
776,0.5877000000000001
777,0.5873333333333334
778,0.5875333333333334
779,0.5863666666666665
780,0.5841666666666666
781,0.5881333333333333
782,0.5897999999999999
783,0.5924666666666667
784,0.5916333333333335
785,0.5904666666666666
786,0.5916333333333336
787,0.589
788,0.5888333333333333
789,0.5896333333333335
790,0.5911333333333334
791,0.5923666666666666
792,0.5925333333333335
793,0.5905666666666668
794,0.5870333333333332
795,0.5895333333333332
796,0.5896333333333335
797,0.5885333333333335
798,0.5912333333333333
799,0.5958333333333333
800,0.5934666666666667
801,0.5921000000000001
802,0.5915666666666666
803,0.5912333333333333
804,0.5906
805,0.5885666666666668
806,0.5862
807,0.5855333333333334
808,0.5879333333333333
809,0.5913333333333333
810,0.5900666666666667
811,0.5931000000000001
812,0.5896666666666667
813,0.5917666666666667
814,0.5918666666666667
815,0.5941333333333333
816,0.5944333333333333
817,0.5938000000000001
818,0.5936
819,0.5911000000000001
820,0.5868000000000001
821,0.5871999999999999
822,0.5856333333333332
823,0.5843666666666665
824,0.5836666666666666
825,0.5821666666666668
826,0.5860333333333334
827,0.5865333333333332
828,0.5858
829,0.5855
830,0.5886333333333335
831,0.5906333333333332
832,0.5904
833,0.5892333333333336
834,0.5873666666666667
835,0.5887
836,0.5913999999999999
837,0.5902
838,0.5907666666666667
839,0.5922333333333333
840,0.5939333333333333
841,0.5959333333333334
842,0.5957666666666667
843,0.5963666666666665
844,0.5975666666666667
845,0.5940666666666666
846,0.5958666666666665
847,0.5967
848,0.5961333333333332
849,0.5960333333333333
850,0.5975333333333336
851,0.5968666666666667
852,0.5969999999999999
853,0.6005
854,0.5974666666666667
855,0.5946999999999998
856,0.5947666666666666
857,0.5950000000000001
858,0.5944333333333333
859,0.5956666666666666
860,0.5938333333333333
861,0.5952999999999999
862,0.6001
863,0.5987666666666666
864,0.5971666666666665
865,0.5972999999999999
866,0.5976666666666667
867,0.5997666666666667
868,0.5997333333333335
869,0.5992333333333334
870,0.5974333333333334
871,0.5960333333333334
872,0.5951333333333332
873,0.5980333333333333
874,0.5999333333333333
875,0.5998333333333333
876,0.5957999999999999
877,0.5919666666666665
878,0.5907333333333332
879,0.5904999999999999
880,0.5940333333333333
881,0.5905
882,0.5918333333333333
883,0.5939
884,0.5914333333333333
885,0.5909999999999999
886,0.5902
887,0.5913333333333334
888,0.5882999999999999
889,0.5890333333333333
890,0.5861000000000001
891,0.5878333333333331
892,0.5890333333333334
893,0.5882333333333334
894,0.5874
895,0.584
896,0.5840333333333334
897,0.5853333333333333
898,0.5838333333333332
899,0.5821
900,0.5824666666666667
901,0.5885666666666667
902,0.5907
903,0.5907333333333333
904,0.5909666666666668
905,0.5902333333333333
906,0.5908999999999999
907,0.5896
908,0.5905999999999999
909,0.5920333333333333
910,0.5919666666666665
911,0.5911000000000001
912,0.5930333333333332
913,0.5913666666666665
914,0.5911000000000001
915,0.5933333333333334
916,0.5915666666666668
917,0.5918333333333332
918,0.5876666666666666
919,0.5855333333333335
920,0.5880000000000002
921,0.5882000000000001
922,0.5883333333333333
923,0.5874333333333331
924,0.5872333333333334
925,0.5871333333333335
926,0.5885999999999998
927,0.5885
928,0.5906000000000001
929,0.5921333333333332
930,0.5939333333333334
931,0.5942999999999999
932,0.5916666666666667
933,0.5914333333333334
934,0.5891666666666667
935,0.5867333333333333
936,0.5864666666666667
937,0.5856
938,0.5857666666666668
939,0.5869666666666666
940,0.5860333333333333
941,0.5846
942,0.5859000000000001
943,0.5850000000000002
944,0.5837000000000001
945,0.5859
946,0.5875
947,0.5877
948,0.5899666666666668
949,0.5877666666666667
950,0.5849999999999999
951,0.5852333333333332
952,0.5838333333333332
953,0.5835000000000001
954,0.5850333333333333
955,0.5863999999999997
956,0.5850000000000001
957,0.5876666666666668
958,0.5876333333333333
959,0.5877000000000001
960,0.5837
961,0.5824999999999999
962,0.5812333333333333
963,0.5816666666666666
964,0.5849666666666666
965,0.5886
966,0.5874666666666667
967,0.5877333333333333
968,0.5909
969,0.589333333333333
970,0.592
971,0.5896666666666666
972,0.5926000000000001
973,0.5950000000000001
974,0.5955333333333334
975,0.5955
976,0.5938333333333332
977,0.5939666666666668
978,0.5935333333333334
979,0.5927333333333333
980,0.5938999999999999
981,0.5940666666666664
982,0.5941666666666666
983,0.5927999999999999
984,0.5949666666666668
985,0.5958
986,0.5966666666666668
987,0.5942333333333333
988,0.5936333333333332
989,0.5925333333333332
990,0.5971999999999998
991,0.5966666666666666
992,0.5956333333333333
993,0.5940666666666669
994,0.5951333333333333
995,0.5939333333333333
996,0.5937333333333333
997,0.5895333333333335
998,0.5882333333333334
999,0.5904666666666666
1000,0.5890333333333334
