Tempo_varreduras,Media_Frac_Coop,Semente_Base
0.0,0.4982666666666666,20242025
0.1,0.5007666666666668,20242025
0.2,0.5017666666666668,20242025
0.3,0.5041,20242025
0.4,0.5108,20242025
0.5,0.5151333333333333,20242025
0.6,0.5160333333333332,20242025
0.7,0.5155,20242025
0.8,0.5161333333333332,20242025
0.9,0.5206333333333334,20242025
1.0,0.5240666666666668,20242025
1.1,0.5223333333333334,20242025
1.2,0.5244000000000001,20242025
1.3,0.5278333333333334,20242025
1.4,0.5305333333333334,20242025
1.5,0.5323333333333332,20242025
1.6,0.5271,20242025
1.7,0.5266,20242025
1.8,0.5267333333333333,20242025
1.9,0.5229333333333331,20242025
2.0,0.5237999999999999,20242025
2.1,0.5266,20242025
2.2,0.5298999999999998,20242025
2.3,0.5314666666666669,20242025
2.4,0.5275666666666666,20242025
2.5,0.5265,20242025
2.6,0.5254333333333333,20242025
2.7,0.5286000000000001,20242025
2.8,0.528,20242025
2.9,0.5277666666666668,20242025
3.0,0.5284000000000001,20242025
3.1,0.5294666666666666,20242025
3.2,0.5327,20242025
3.3,0.5336666666666667,20242025
3.4,0.5312333333333332,20242025
3.5,0.5302,20242025
3.6,0.5279666666666666,20242025
3.7,0.5265,20242025
3.8,0.5300000000000001,20242025
3.9,0.528,20242025
4.0,0.5288666666666667,20242025
4.1,0.5296000000000001,20242025
4.2,0.5284333333333333,20242025
4.3,0.5295666666666666,20242025
4.4,0.5327666666666667,20242025
4.5,0.5289333333333334,20242025
4.6,0.5308,20242025
4.7,0.5318000000000002,20242025
4.8,0.5310666666666666,20242025
4.9,0.5316333333333334,20242025
5.0,0.5304666666666668,20242025
5.1,0.5325333333333333,20242025
5.2,0.5371666666666666,20242025
5.3,0.5340333333333334,20242025
5.4,0.5332666666666667,20242025
5.5,0.5374000000000001,20242025
5.6,0.5335,20242025
5.7,0.5324333333333333,20242025
5.8,0.5312,20242025
5.9,0.5309333333333334,20242025
6.0,0.5301666666666668,20242025
6.1,0.5290999999999999,20242025
6.2,0.5294000000000001,20242025
6.3,0.5254666666666666,20242025
6.4,0.5262666666666667,20242025
6.5,0.5266666666666667,20242025
6.6,0.5312333333333332,20242025
6.7,0.5361333333333334,20242025
6.8,0.5369333333333334,20242025
6.9,0.5375666666666666,20242025
7.0,0.5354333333333333,20242025
7.1,0.5345333333333334,20242025
7.2,0.5369333333333334,20242025
7.3,0.5319333333333335,20242025
7.4,0.5274,20242025
7.5,0.5286333333333333,20242025
7.6,0.5276,20242025
7.7,0.5307999999999999,20242025
7.8,0.5322666666666667,20242025
7.9,0.5318333333333334,20242025
8.0,0.5317666666666667,20242025
8.1,0.5337666666666665,20242025
8.2,0.5365000000000001,20242025
8.3,0.5362333333333332,20242025
8.4,0.5367000000000001,20242025
8.5,0.536,20242025
8.6,0.5346,20242025
8.7,0.5353333333333333,20242025
8.8,0.5352666666666666,20242025
8.9,0.5342666666666667,20242025
9.0,0.5321999999999999,20242025
9.1,0.5297000000000001,20242025
9.2,0.5301,20242025
9.3,0.5308666666666666,20242025
9.4,0.5325333333333334,20242025
9.5,0.5314666666666665,20242025
9.6,0.5315333333333334,20242025
9.7,0.5329666666666665,20242025
9.8,0.5332,20242025
9.9,0.5360666666666667,20242025
10.0,0.5364333333333335,20242025
10.1,0.5367666666666667,20242025
10.2,0.5384666666666666,20242025
10.3,0.5379666666666668,20242025
10.4,0.5365666666666667,20242025
10.5,0.5355666666666666,20242025
10.6,0.5344999999999999,20242025
10.7,0.5348333333333334,20242025
10.8,0.5308,20242025
10.9,0.5298,20242025
11.0,0.5325,20242025
11.1,0.5307000000000001,20242025
11.2,0.5330333333333334,20242025
11.3,0.5315666666666667,20242025
11.4,0.5291666666666666,20242025
11.5,0.5305000000000002,20242025
11.6,0.5312333333333333,20242025
11.7,0.5272,20242025
11.8,0.5276000000000001,20242025
11.9,0.5230999999999999,20242025
12.0,0.5245666666666666,20242025
12.1,0.5269,20242025
12.2,0.5258999999999999,20242025
12.3,0.5254666666666667,20242025
12.4,0.5261,20242025
12.5,0.5288,20242025
12.6,0.5291,20242025
12.7,0.5292666666666668,20242025
12.8,0.5307666666666667,20242025
12.9,0.5286666666666667,20242025
13.0,0.5289333333333334,20242025
13.1,0.5294,20242025
13.2,0.5309666666666666,20242025
13.3,0.5349333333333334,20242025
13.4,0.5371333333333334,20242025
13.5,0.5349666666666668,20242025
13.6,0.5313000000000001,20242025
13.7,0.5292999999999999,20242025
13.8,0.5286333333333333,20242025
13.9,0.5277333333333333,20242025
14.0,0.5286333333333334,20242025
14.1,0.5249333333333336,20242025
14.2,0.5276,20242025
14.3,0.5265666666666667,20242025
14.4,0.5309333333333333,20242025
14.5,0.5346333333333333,20242025
14.6,0.5360666666666667,20242025
14.7,0.5357333333333334,20242025
14.8,0.5327666666666667,20242025
14.9,0.5380000000000001,20242025
15.0,0.5384333333333334,20242025
15.1,0.5361666666666666,20242025
15.2,0.5365000000000001,20242025
15.3,0.5345333333333334,20242025
15.4,0.5333333333333333,20242025
15.5,0.5357333333333334,20242025
15.6,0.5338333333333334,20242025
15.7,0.5349333333333333,20242025
15.8,0.5335333333333333,20242025
15.9,0.5328333333333334,20242025
16.0,0.5328666666666668,20242025
16.1,0.5322333333333333,20242025
16.2,0.5306666666666667,20242025
16.3,0.5263333333333333,20242025
16.4,0.5231333333333333,20242025
16.5,0.5241,20242025
16.6,0.5232,20242025
16.7,0.5269,20242025
16.8,0.5293333333333333,20242025
16.9,0.5279666666666667,20242025
17.0,0.5273333333333333,20242025
17.1,0.5285333333333334,20242025
17.2,0.5267666666666668,20242025
17.3,0.5279,20242025
17.4,0.5286333333333333,20242025
17.5,0.5270666666666668,20242025
17.6,0.5285333333333334,20242025
17.7,0.5264666666666667,20242025
17.8,0.5294333333333333,20242025
17.9,0.5265,20242025
18.0,0.5268666666666666,20242025
18.1,0.5262333333333333,20242025
18.2,0.5275,20242025
18.3,0.5297,20242025
18.4,0.5274666666666668,20242025
18.5,0.5275666666666666,20242025
18.6,0.5314333333333334,20242025
18.7,0.5368333333333333,20242025
18.8,0.5359333333333333,20242025
18.9,0.5324000000000001,20242025
19.0,0.5321666666666667,20242025
19.1,0.5306666666666666,20242025
19.2,0.531,20242025
19.3,0.5313666666666667,20242025
19.4,0.5327999999999999,20242025
19.5,0.5339000000000002,20242025
19.6,0.5353666666666665,20242025
19.7,0.5360999999999999,20242025
19.8,0.5342666666666667,20242025
19.9,0.5341333333333333,20242025
20.0,0.5325666666666665,20242025
20.1,0.5337666666666666,20242025
20.2,0.5314333333333334,20242025
20.3,0.5294666666666666,20242025
20.4,0.5249333333333333,20242025
20.5,0.5239333333333334,20242025
20.6,0.5251666666666667,20242025
20.7,0.5279333333333334,20242025
20.8,0.5279333333333335,20242025
20.9,0.5287999999999999,20242025
21.0,0.5299333333333334,20242025
21.1,0.5274333333333333,20242025
21.2,0.5294000000000001,20242025
21.3,0.5284,20242025
21.4,0.5277666666666668,20242025
21.5,0.5260333333333335,20242025
21.6,0.5253000000000001,20242025
21.7,0.5260666666666666,20242025
21.8,0.5265333333333333,20242025
21.9,0.5296666666666667,20242025
22.0,0.5326666666666667,20242025
22.1,0.5349333333333333,20242025
22.2,0.5344333333333334,20242025
22.3,0.5372333333333331,20242025
22.4,0.5381666666666667,20242025
22.5,0.5360666666666667,20242025
22.6,0.5348333333333333,20242025
22.7,0.5307,20242025
22.8,0.5341000000000001,20242025
22.9,0.5327333333333334,20242025
23.0,0.5319,20242025
23.1,0.5359,20242025
23.2,0.5373,20242025
23.3,0.5370000000000001,20242025
23.4,0.5364666666666669,20242025
23.5,0.5358,20242025
23.6,0.5315,20242025
23.7,0.5330999999999999,20242025
23.8,0.5364666666666668,20242025
23.9,0.5385333333333334,20242025
24.0,0.5393666666666667,20242025
24.1,0.5377666666666667,20242025
24.2,0.5380666666666666,20242025
24.3,0.5364666666666668,20242025
24.4,0.5393333333333333,20242025
24.5,0.5377000000000002,20242025
24.6,0.5328,20242025
24.7,0.5335333333333333,20242025
24.8,0.5309999999999999,20242025
24.9,0.5347000000000002,20242025
25.0,0.5343666666666668,20242025
25.1,0.5356333333333333,20242025
25.2,0.5377666666666667,20242025
25.3,0.5373,20242025
25.4,0.5338,20242025
25.5,0.5367666666666667,20242025
25.6,0.5374666666666666,20242025
25.7,0.5397000000000001,20242025
25.8,0.5394666666666666,20242025
25.9,0.5358333333333334,20242025
26.0,0.5330666666666668,20242025
26.1,0.5310333333333334,20242025
26.2,0.5294000000000001,20242025
26.3,0.5318666666666668,20242025
26.4,0.5348,20242025
26.5,0.5366333333333333,20242025
26.6,0.5365333333333333,20242025
26.7,0.5366666666666666,20242025
26.8,0.5354,20242025
26.9,0.5382333333333332,20242025
27.0,0.5382,20242025
27.1,0.5375666666666667,20242025
27.2,0.5365333333333332,20242025
27.3,0.5349666666666668,20242025
27.4,0.5354,20242025
27.5,0.5369333333333334,20242025
27.6,0.5418333333333333,20242025
27.7,0.5431333333333332,20242025
27.8,0.5423333333333334,20242025
27.9,0.5389,20242025
28.0,0.5391,20242025
28.1,0.5377000000000003,20242025
28.2,0.5365000000000002,20242025
28.3,0.5353666666666667,20242025
28.4,0.5346000000000001,20242025
28.5,0.5335,20242025
28.6,0.5357333333333332,20242025
28.7,0.5327333333333335,20242025
28.8,0.5341666666666668,20242025
28.9,0.5322333333333333,20242025
29.0,0.5324333333333333,20242025
29.1,0.5315,20242025
29.2,0.5329333333333334,20242025
29.3,0.5331666666666668,20242025
29.4,0.5315666666666667,20242025
29.5,0.5322666666666667,20242025
29.6,0.5330666666666667,20242025
29.7,0.5325333333333335,20242025
29.8,0.5371666666666667,20242025
29.9,0.5343000000000001,20242025
30.0,0.5333333333333333,20242025
30.1,0.5332000000000001,20242025
30.2,0.534,20242025
30.3,0.5318333333333334,20242025
30.4,0.5306,20242025
30.5,0.5292999999999999,20242025
30.6,0.5286666666666668,20242025
30.7,0.5295333333333334,20242025
30.8,0.5282000000000001,20242025
30.9,0.5290000000000001,20242025
31.0,0.5299666666666668,20242025
31.1,0.5295,20242025
31.2,0.5276,20242025
31.3,0.5264333333333334,20242025
31.4,0.5252000000000002,20242025
31.5,0.5286333333333334,20242025
31.6,0.5269,20242025
31.7,0.5289,20242025
31.8,0.5260333333333332,20242025
31.9,0.5289666666666667,20242025
32.0,0.5259,20242025
32.1,0.5287999999999999,20242025
32.2,0.5284333333333333,20242025
32.3,0.5296333333333333,20242025
32.4,0.5293333333333334,20242025
32.5,0.5258999999999999,20242025
32.6,0.5302333333333333,20242025
32.7,0.5289666666666666,20242025
32.8,0.5304,20242025
32.9,0.5293333333333334,20242025
33.0,0.5310666666666666,20242025
33.1,0.5322333333333332,20242025
33.2,0.5319,20242025
33.3,0.5319666666666668,20242025
33.4,0.5329999999999999,20242025
33.5,0.5377666666666667,20242025
33.6,0.5373,20242025
33.7,0.538,20242025
33.8,0.5361333333333334,20242025
33.9,0.5346333333333335,20242025
34.0,0.5383666666666668,20242025
34.1,0.5375000000000001,20242025
34.2,0.5328999999999999,20242025
34.3,0.5305666666666666,20242025
34.4,0.5323666666666667,20242025
34.5,0.5304333333333334,20242025
34.6,0.5304666666666669,20242025
34.7,0.5303000000000001,20242025
34.8,0.5301666666666666,20242025
34.9,0.532,20242025
35.0,0.5294333333333333,20242025
35.1,0.5305333333333333,20242025
35.2,0.5308666666666666,20242025
35.3,0.5281999999999999,20242025
35.4,0.5269333333333334,20242025
35.5,0.5255333333333333,20242025
35.6,0.5292333333333334,20242025
35.7,0.5279,20242025
35.8,0.5267333333333333,20242025
35.9,0.5271000000000001,20242025
36.0,0.5267333333333334,20242025
36.1,0.5255333333333334,20242025
36.2,0.5281,20242025
36.3,0.5310333333333334,20242025
36.4,0.5356333333333333,20242025
36.5,0.5306666666666666,20242025
36.6,0.5313333333333334,20242025
36.7,0.5306000000000001,20242025
36.8,0.5316333333333333,20242025
36.9,0.5317666666666667,20242025
37.0,0.5326,20242025
37.1,0.5307000000000001,20242025
37.2,0.5327333333333335,20242025
37.3,0.5357333333333333,20242025
37.4,0.5373666666666667,20242025
37.5,0.5343,20242025
37.6,0.5326000000000001,20242025
37.7,0.5351666666666668,20242025
37.8,0.5363,20242025
37.9,0.5353666666666667,20242025
38.0,0.5344333333333332,20242025
38.1,0.5319666666666668,20242025
38.2,0.5309,20242025
38.3,0.5343000000000001,20242025
38.4,0.5343666666666667,20242025
38.5,0.5354,20242025
38.6,0.5305333333333333,20242025
38.7,0.5331666666666668,20242025
38.8,0.5303,20242025
38.9,0.5272333333333334,20242025
39.0,0.5270666666666667,20242025
39.1,0.5280333333333332,20242025
39.2,0.5271000000000001,20242025
39.3,0.5306,20242025
39.4,0.5307000000000001,20242025
39.5,0.5319333333333334,20242025
39.6,0.5293666666666667,20242025
39.7,0.5286666666666667,20242025
39.8,0.5313666666666668,20242025
39.9,0.5307333333333334,20242025
40.0,0.5291333333333335,20242025
40.1,0.5302666666666667,20242025
40.2,0.5317000000000001,20242025
40.3,0.5337000000000001,20242025
40.4,0.5285000000000001,20242025
40.5,0.5288333333333334,20242025
40.6,0.5254333333333333,20242025
40.7,0.5296333333333333,20242025
40.8,0.5281,20242025
40.9,0.5258,20242025
41.0,0.5276666666666666,20242025
41.1,0.5265333333333334,20242025
41.2,0.5273,20242025
41.3,0.5275,20242025
41.4,0.5273666666666668,20242025
41.5,0.5272,20242025
41.6,0.5284666666666666,20242025
41.7,0.5269,20242025
41.8,0.5265666666666667,20242025
41.9,0.5294333333333334,20242025
42.0,0.5281999999999999,20242025
42.1,0.5273,20242025
42.2,0.5280666666666668,20242025
42.3,0.5297333333333333,20242025
42.4,0.5298,20242025
42.5,0.5319666666666667,20242025
42.6,0.5337000000000001,20242025
42.7,0.5365333333333333,20242025
42.8,0.5356666666666666,20242025
42.9,0.5369666666666667,20242025
43.0,0.5339666666666667,20242025
43.1,0.5319333333333334,20242025
43.2,0.5319666666666666,20242025
43.3,0.5324666666666666,20242025
43.4,0.5307333333333333,20242025
43.5,0.5310666666666668,20242025
43.6,0.5275333333333334,20242025
43.7,0.5309,20242025
43.8,0.5307666666666667,20242025
43.9,0.5325666666666667,20242025
44.0,0.5302000000000001,20242025
44.1,0.5281666666666667,20242025
44.2,0.5300333333333334,20242025
44.3,0.5299,20242025
44.4,0.5301000000000001,20242025
44.5,0.5284,20242025
44.6,0.5295000000000001,20242025
44.7,0.5313666666666668,20242025
44.8,0.5332666666666668,20242025
44.9,0.5356333333333334,20242025
45.0,0.5357999999999998,20242025
45.1,0.5351666666666668,20242025
45.2,0.5332333333333333,20242025
45.3,0.5326333333333333,20242025
45.4,0.5323666666666668,20242025
45.5,0.5350000000000001,20242025
45.6,0.5360333333333334,20242025
45.7,0.5357333333333333,20242025
45.8,0.5372666666666667,20242025
45.9,0.5327666666666668,20242025
46.0,0.5302000000000001,20242025
46.1,0.5334666666666668,20242025
46.2,0.5352666666666668,20242025
46.3,0.5359666666666668,20242025
46.4,0.5358,20242025
46.5,0.5360666666666667,20242025
46.6,0.5354999999999998,20242025
46.7,0.5346333333333334,20242025
46.8,0.5365333333333334,20242025
46.9,0.5342666666666668,20242025
47.0,0.5340666666666666,20242025
47.1,0.5332666666666666,20242025
47.2,0.5362666666666667,20242025
47.3,0.5341000000000001,20242025
47.4,0.5329333333333334,20242025
47.5,0.5340666666666666,20242025
47.6,0.5340333333333334,20242025
47.7,0.5336666666666667,20242025
47.8,0.5338999999999999,20242025
47.9,0.5341333333333333,20242025
48.0,0.5370333333333334,20242025
48.1,0.5387333333333334,20242025
48.2,0.5370333333333334,20242025
48.3,0.5386000000000001,20242025
48.4,0.5344333333333334,20242025
48.5,0.5329333333333334,20242025
48.6,0.5346666666666666,20242025
48.7,0.5321666666666666,20242025
48.8,0.5284666666666666,20242025
48.9,0.5276000000000001,20242025
49.0,0.5245666666666667,20242025
49.1,0.5264333333333333,20242025
49.2,0.5236333333333333,20242025
49.3,0.5238333333333334,20242025
49.4,0.5283333333333334,20242025
49.5,0.5285000000000001,20242025
49.6,0.5304000000000001,20242025
49.7,0.5281999999999999,20242025
49.8,0.5305333333333334,20242025
49.9,0.5303,20242025
50.0,0.5276000000000001,20242025
50.1,0.5309333333333334,20242025
50.2,0.5312666666666668,20242025
50.3,0.5337666666666668,20242025
50.4,0.5336000000000001,20242025
50.5,0.5363666666666665,20242025
50.6,0.5355333333333333,20242025
50.7,0.5322666666666666,20242025
50.8,0.5297333333333334,20242025
50.9,0.5343333333333332,20242025
51.0,0.5331,20242025
51.1,0.5344000000000001,20242025
51.2,0.5339666666666667,20242025
51.3,0.5338333333333334,20242025
51.4,0.5325666666666666,20242025
51.5,0.5303666666666668,20242025
51.6,0.5303333333333334,20242025
51.7,0.5303666666666665,20242025
51.8,0.5326000000000001,20242025
51.9,0.5328333333333334,20242025
52.0,0.5355000000000001,20242025
52.1,0.5346333333333334,20242025
52.2,0.5353666666666667,20242025
52.3,0.5354333333333334,20242025
52.4,0.5354333333333333,20242025
52.5,0.5343666666666667,20242025
52.6,0.5346000000000001,20242025
52.7,0.5367,20242025
52.8,0.5367666666666667,20242025
52.9,0.5353666666666667,20242025
53.0,0.5329000000000002,20242025
53.1,0.5288333333333335,20242025
53.2,0.5330666666666667,20242025
53.3,0.5312,20242025
53.4,0.5323666666666667,20242025
53.5,0.5313,20242025
53.6,0.5305666666666666,20242025
53.7,0.5333666666666667,20242025
53.8,0.5354333333333334,20242025
53.9,0.5327,20242025
54.0,0.5334000000000001,20242025
54.1,0.5327999999999998,20242025
54.2,0.5318666666666666,20242025
54.3,0.5327999999999998,20242025
54.4,0.5359999999999999,20242025
54.5,0.5366333333333332,20242025
54.6,0.5355,20242025
54.7,0.5400666666666667,20242025
54.8,0.5370000000000001,20242025
54.9,0.5319333333333333,20242025
55.0,0.5306,20242025
55.1,0.5303,20242025
55.2,0.5300666666666666,20242025
55.3,0.5301666666666668,20242025
55.4,0.5295666666666667,20242025
55.5,0.5279,20242025
55.6,0.5273666666666668,20242025
55.7,0.5315,20242025
55.8,0.5326000000000001,20242025
55.9,0.5328666666666667,20242025
56.0,0.5303,20242025
56.1,0.5299333333333333,20242025
56.2,0.5308333333333334,20242025
56.3,0.5303,20242025
56.4,0.5328999999999999,20242025
56.5,0.5368333333333333,20242025
56.6,0.5402333333333333,20242025
56.7,0.5397000000000002,20242025
56.8,0.5402666666666666,20242025
56.9,0.5378333333333333,20242025
57.0,0.5366333333333333,20242025
57.1,0.5344666666666666,20242025
57.2,0.5330333333333335,20242025
57.3,0.5332333333333333,20242025
57.4,0.528,20242025
57.5,0.5294333333333333,20242025
57.6,0.5276666666666666,20242025
57.7,0.5287000000000002,20242025
57.8,0.5299666666666668,20242025
57.9,0.5292,20242025
58.0,0.5282666666666667,20242025
58.1,0.5273999999999999,20242025
58.2,0.5292,20242025
58.3,0.5284333333333333,20242025
58.4,0.5304666666666668,20242025
58.5,0.5300333333333335,20242025
58.6,0.5348333333333333,20242025
58.7,0.5320666666666667,20242025
58.8,0.5327666666666666,20242025
58.9,0.5308666666666667,20242025
59.0,0.5274333333333333,20242025
59.1,0.5324666666666666,20242025
59.2,0.5326666666666667,20242025
59.3,0.5353333333333334,20242025
59.4,0.5350333333333334,20242025
59.5,0.5341333333333332,20242025
59.6,0.5382333333333332,20242025
59.7,0.5398000000000001,20242025
59.8,0.5363666666666665,20242025
59.9,0.5350333333333334,20242025
60.0,0.5365333333333334,20242025
60.1,0.5357333333333334,20242025
60.2,0.5374,20242025
60.3,0.5376999999999998,20242025
60.4,0.5348666666666666,20242025
60.5,0.5333666666666667,20242025
60.6,0.5330333333333334,20242025
60.7,0.5288,20242025
60.8,0.5292000000000001,20242025
60.9,0.5334000000000001,20242025
61.0,0.5329,20242025
61.1,0.5344000000000001,20242025
61.2,0.5343,20242025
61.3,0.5373666666666669,20242025
61.4,0.5354666666666666,20242025
61.5,0.5312333333333333,20242025
61.6,0.5309333333333335,20242025
61.7,0.5309333333333333,20242025
61.8,0.5323,20242025
61.9,0.5325000000000001,20242025
62.0,0.5295333333333333,20242025
62.1,0.5284666666666666,20242025
62.2,0.5261,20242025
62.3,0.5279666666666667,20242025
62.4,0.5315333333333334,20242025
62.5,0.5307999999999999,20242025
62.6,0.5309,20242025
62.7,0.5343,20242025
62.8,0.5355,20242025
62.9,0.5343666666666668,20242025
63.0,0.5348333333333333,20242025
63.1,0.5336,20242025
63.2,0.5325666666666667,20242025
63.3,0.5313666666666667,20242025
63.4,0.5327000000000001,20242025
63.5,0.5319999999999998,20242025
63.6,0.5320333333333334,20242025
63.7,0.5321333333333332,20242025
63.8,0.5318666666666666,20242025
63.9,0.5296,20242025
64.0,0.5303333333333334,20242025
64.1,0.5266666666666666,20242025
64.2,0.5255666666666666,20242025
64.3,0.5287666666666667,20242025
64.4,0.5304,20242025
64.5,0.5257333333333334,20242025
64.6,0.5287333333333334,20242025
64.7,0.5323666666666667,20242025
64.8,0.5304666666666666,20242025
64.9,0.5306000000000001,20242025
65.0,0.5316333333333334,20242025
65.1,0.5326666666666667,20242025
65.2,0.5349333333333334,20242025
65.3,0.5372666666666667,20242025
65.4,0.5365000000000001,20242025
65.5,0.5365666666666667,20242025
65.6,0.5347000000000001,20242025
65.7,0.5323666666666667,20242025
65.8,0.5313999999999999,20242025
65.9,0.5331666666666667,20242025
66.0,0.5363666666666667,20242025
66.1,0.5360999999999999,20242025
66.2,0.5350666666666667,20242025
66.3,0.5368666666666666,20242025
66.4,0.5345,20242025
66.5,0.5363666666666667,20242025
66.6,0.5368666666666667,20242025
66.7,0.5349333333333334,20242025
66.8,0.5358,20242025
66.9,0.5342666666666667,20242025
67.0,0.5324,20242025
67.1,0.5305999999999998,20242025
67.2,0.5284000000000001,20242025
67.3,0.5313333333333332,20242025
67.4,0.5315666666666667,20242025
67.5,0.5270999999999999,20242025
67.6,0.5312666666666667,20242025
67.7,0.5323333333333334,20242025
67.8,0.5334333333333333,20242025
67.9,0.5327,20242025
68.0,0.5332,20242025
68.1,0.5339666666666668,20242025
68.2,0.5309666666666666,20242025
68.3,0.5320666666666668,20242025
68.4,0.5292333333333334,20242025
68.5,0.5329666666666667,20242025
68.6,0.53,20242025
68.7,0.5304666666666666,20242025
68.8,0.5307666666666667,20242025
68.9,0.5285,20242025
69.0,0.5293,20242025
69.1,0.5312666666666667,20242025
69.2,0.5326333333333334,20242025
69.3,0.5318666666666666,20242025
69.4,0.5292999999999999,20242025
69.5,0.5293,20242025
69.6,0.5306666666666668,20242025
69.7,0.5314666666666668,20242025
69.8,0.5364666666666668,20242025
69.9,0.5356,20242025
70.0,0.5318999999999999,20242025
70.1,0.5353333333333333,20242025
70.2,0.5359999999999999,20242025
70.3,0.5349666666666667,20242025
70.4,0.5353666666666667,20242025
70.5,0.5358333333333333,20242025
70.6,0.5329333333333335,20242025
70.7,0.5309000000000001,20242025
70.8,0.5286333333333333,20242025
70.9,0.5264000000000001,20242025
71.0,0.5279666666666667,20242025
71.1,0.5251,20242025
71.2,0.5227,20242025
71.3,0.5206333333333334,20242025
71.4,0.5221666666666667,20242025
71.5,0.5216999999999999,20242025
71.6,0.528,20242025
71.7,0.5273000000000001,20242025
71.8,0.5256000000000001,20242025
71.9,0.5242,20242025
72.0,0.5291,20242025
72.1,0.5302333333333334,20242025
72.2,0.5321000000000001,20242025
72.3,0.5352,20242025
72.4,0.5327333333333335,20242025
72.5,0.5318333333333334,20242025
72.6,0.5295666666666666,20242025
72.7,0.5306666666666667,20242025
72.8,0.5328333333333334,20242025
72.9,0.5334666666666666,20242025
73.0,0.5317666666666666,20242025
73.1,0.5329,20242025
73.2,0.5318333333333334,20242025
73.3,0.5321666666666668,20242025
73.4,0.5322333333333334,20242025
73.5,0.5310666666666667,20242025
73.6,0.5317666666666667,20242025
73.7,0.5326666666666666,20242025
73.8,0.5296666666666667,20242025
73.9,0.5282666666666668,20242025
74.0,0.5301666666666667,20242025
74.1,0.5305666666666667,20242025
74.2,0.5310666666666667,20242025
74.3,0.5294333333333335,20242025
74.4,0.5284333333333334,20242025
74.5,0.5314666666666668,20242025
74.6,0.5313000000000001,20242025
74.7,0.5337999999999999,20242025
74.8,0.5348666666666666,20242025
74.9,0.5344,20242025
75.0,0.5325333333333334,20242025
75.1,0.5347666666666667,20242025
75.2,0.5308666666666666,20242025
75.3,0.5289,20242025
75.4,0.5312,20242025
75.5,0.5291999999999999,20242025
75.6,0.5322666666666666,20242025
75.7,0.5332000000000001,20242025
75.8,0.5361666666666667,20242025
75.9,0.5323333333333334,20242025
76.0,0.5317666666666667,20242025
76.1,0.5306,20242025
76.2,0.5297333333333334,20242025
76.3,0.5313666666666665,20242025
76.4,0.5318666666666665,20242025
76.5,0.5283666666666665,20242025
76.6,0.5258666666666668,20242025
76.7,0.5241333333333333,20242025
76.8,0.5235333333333334,20242025
76.9,0.5260666666666667,20242025
77.0,0.5243,20242025
77.1,0.5243666666666668,20242025
77.2,0.5282,20242025
77.3,0.5268333333333335,20242025
77.4,0.5234333333333334,20242025
77.5,0.5250333333333334,20242025
77.6,0.5258,20242025
77.7,0.5276000000000001,20242025
77.8,0.5266333333333334,20242025
77.9,0.5297000000000002,20242025
78.0,0.5320999999999999,20242025
78.1,0.5319999999999998,20242025
78.2,0.5302666666666667,20242025
78.3,0.5292333333333333,20242025
78.4,0.5292333333333333,20242025
78.5,0.5301333333333335,20242025
78.6,0.5322666666666666,20242025
78.7,0.5340666666666667,20242025
78.8,0.5365666666666669,20242025
78.9,0.5357333333333334,20242025
79.0,0.5350333333333335,20242025
79.1,0.5361999999999998,20242025
79.2,0.5376333333333334,20242025
79.3,0.5391333333333332,20242025
79.4,0.5377333333333334,20242025
79.5,0.5406000000000001,20242025
79.6,0.5388999999999999,20242025
79.7,0.5407666666666666,20242025
79.8,0.5377,20242025
79.9,0.5362333333333335,20242025
80.0,0.5353666666666668,20242025
80.1,0.5354333333333334,20242025
80.2,0.5319666666666667,20242025
80.3,0.5337666666666666,20242025
80.4,0.5269666666666668,20242025
80.5,0.5271333333333333,20242025
80.6,0.5273,20242025
80.7,0.5265333333333333,20242025
80.8,0.5272666666666667,20242025
80.9,0.5319666666666668,20242025
81.0,0.5336666666666667,20242025
81.1,0.5326333333333334,20242025
81.2,0.5319333333333334,20242025
81.3,0.5322333333333333,20242025
81.4,0.5316666666666666,20242025
81.5,0.5305666666666667,20242025
81.6,0.5303,20242025
81.7,0.5272,20242025
81.8,0.5289666666666667,20242025
81.9,0.5298333333333333,20242025
82.0,0.5338333333333334,20242025
82.1,0.5310666666666667,20242025
82.2,0.5330333333333334,20242025
82.3,0.5304000000000001,20242025
82.4,0.5272666666666667,20242025
82.5,0.5305333333333334,20242025
82.6,0.5286666666666666,20242025
82.7,0.5292666666666667,20242025
82.8,0.5300666666666667,20242025
82.9,0.5325666666666666,20242025
83.0,0.5317000000000001,20242025
83.1,0.5323,20242025
83.2,0.5318333333333334,20242025
83.3,0.5344000000000001,20242025
83.4,0.5343666666666667,20242025
83.5,0.5404666666666667,20242025
83.6,0.5385333333333333,20242025
83.7,0.5381333333333334,20242025
83.8,0.5368333333333335,20242025
83.9,0.5371,20242025
84.0,0.5356000000000001,20242025
84.1,0.5344333333333334,20242025
84.2,0.5349666666666668,20242025
84.3,0.5355,20242025
84.4,0.5374666666666668,20242025
84.5,0.5364333333333334,20242025
84.6,0.5356,20242025
84.7,0.5358000000000002,20242025
84.8,0.5387000000000001,20242025
84.9,0.5349666666666667,20242025
85.0,0.5359666666666668,20242025
85.1,0.5354000000000002,20242025
85.2,0.5342666666666668,20242025
85.3,0.5336666666666666,20242025
85.4,0.5363333333333333,20242025
85.5,0.5358999999999999,20242025
85.6,0.5365,20242025
85.7,0.5351,20242025
85.8,0.5378999999999999,20242025
85.9,0.5351333333333332,20242025
86.0,0.5298333333333334,20242025
86.1,0.5321000000000001,20242025
86.2,0.534,20242025
86.3,0.5334666666666668,20242025
86.4,0.5344000000000001,20242025
86.5,0.5365000000000001,20242025
86.6,0.5353333333333334,20242025
86.7,0.5379666666666665,20242025
86.8,0.5375,20242025
86.9,0.5375000000000001,20242025
87.0,0.5353666666666667,20242025
87.1,0.5374000000000001,20242025
87.2,0.5362666666666667,20242025
87.3,0.5383333333333333,20242025
87.4,0.5384666666666668,20242025
87.5,0.5363000000000001,20242025
87.6,0.5347666666666666,20242025
87.7,0.5385000000000001,20242025
87.8,0.5385333333333334,20242025
87.9,0.5350999999999999,20242025
88.0,0.5353333333333334,20242025
88.1,0.5354666666666666,20242025
88.2,0.5374666666666668,20242025
88.3,0.5376000000000001,20242025
88.4,0.5380333333333333,20242025
88.5,0.5423666666666667,20242025
88.6,0.5414,20242025
88.7,0.5412999999999999,20242025
88.8,0.5410333333333334,20242025
88.9,0.5412666666666667,20242025
89.0,0.5399333333333334,20242025
89.1,0.538,20242025
89.2,0.5336333333333333,20242025
89.3,0.5287666666666666,20242025
89.4,0.5317999999999999,20242025
89.5,0.5298666666666666,20242025
89.6,0.5281333333333333,20242025
89.7,0.5262,20242025
89.8,0.5248666666666666,20242025
89.9,0.5267333333333334,20242025
90.0,0.5243,20242025
90.1,0.5271,20242025
90.2,0.5267666666666666,20242025
90.3,0.5274666666666666,20242025
90.4,0.5291333333333333,20242025
90.5,0.5301666666666667,20242025
90.6,0.5297000000000002,20242025
90.7,0.5305333333333333,20242025
90.8,0.526,20242025
90.9,0.5249999999999999,20242025
91.0,0.5262666666666667,20242025
91.1,0.5290666666666667,20242025
91.2,0.5289999999999999,20242025
91.3,0.5336,20242025
91.4,0.5344333333333332,20242025
91.5,0.5307333333333334,20242025
91.6,0.5292666666666668,20242025
91.7,0.5272666666666667,20242025
91.8,0.5254333333333333,20242025
91.9,0.5249666666666668,20242025
92.0,0.5204666666666666,20242025
92.1,0.5225666666666665,20242025
92.2,0.5221,20242025
92.3,0.5215666666666665,20242025
92.4,0.5217333333333333,20242025
92.5,0.5217999999999999,20242025
92.6,0.5237333333333333,20242025
92.7,0.5237333333333334,20242025
92.8,0.5303,20242025
92.9,0.5324000000000001,20242025
93.0,0.5314000000000001,20242025
93.1,0.5351333333333332,20242025
93.2,0.5381333333333334,20242025
93.3,0.5377666666666666,20242025
93.4,0.5341,20242025
93.5,0.5330333333333334,20242025
93.6,0.5346,20242025
93.7,0.5296000000000001,20242025
93.8,0.5318666666666666,20242025
93.9,0.5360999999999999,20242025
94.0,0.5342333333333333,20242025
94.1,0.5349666666666668,20242025
94.2,0.5352333333333336,20242025
94.3,0.5383333333333333,20242025
94.4,0.5368666666666667,20242025
94.5,0.5343333333333333,20242025
94.6,0.5337999999999999,20242025
94.7,0.5331000000000002,20242025
94.8,0.5347666666666666,20242025
94.9,0.5363000000000002,20242025
95.0,0.5383999999999999,20242025
95.1,0.5384666666666668,20242025
95.2,0.5402333333333333,20242025
95.3,0.5398333333333334,20242025
95.4,0.5360666666666667,20242025
95.5,0.5335666666666666,20242025
95.6,0.5333,20242025
95.7,0.5328666666666667,20242025
95.8,0.5324000000000001,20242025
95.9,0.5323666666666668,20242025
96.0,0.5310666666666667,20242025
96.1,0.5338333333333334,20242025
96.2,0.5324333333333333,20242025
96.3,0.5320666666666666,20242025
96.4,0.5334666666666668,20242025
96.5,0.5361666666666667,20242025
96.6,0.5327666666666666,20242025
96.7,0.5329999999999999,20242025
96.8,0.5334333333333333,20242025
96.9,0.5361333333333334,20242025
97.0,0.5336000000000001,20242025
97.1,0.5334000000000001,20242025
97.2,0.5292,20242025
97.3,0.5326666666666667,20242025
97.4,0.5351666666666667,20242025
97.5,0.5325000000000001,20242025
97.6,0.5315333333333334,20242025
97.7,0.5303666666666669,20242025
97.8,0.5314,20242025
97.9,0.5266,20242025
98.0,0.5257000000000001,20242025
98.1,0.5294333333333333,20242025
98.2,0.5321,20242025
98.3,0.5340999999999999,20242025
98.4,0.5354,20242025
98.5,0.5326333333333335,20242025
98.6,0.5328,20242025
98.7,0.5351666666666668,20242025
98.8,0.5341,20242025
98.9,0.5351,20242025
99.0,0.5331666666666667,20242025
99.1,0.5327666666666666,20242025
99.2,0.5296000000000001,20242025
99.3,0.5314666666666666,20242025
99.4,0.5291000000000001,20242025
99.5,0.5296333333333333,20242025
99.6,0.5301333333333335,20242025
99.7,0.5315,20242025
99.8,0.5311333333333335,20242025
99.9,0.5305666666666666,20242025
100.0,0.5319666666666667,20242025
100.1,0.5320000000000001,20242025
100.2,0.5305000000000001,20242025
100.3,0.5281666666666667,20242025
100.4,0.5224333333333334,20242025
100.5,0.523,20242025
100.6,0.5237333333333333,20242025
100.7,0.5257333333333333,20242025
100.8,0.5316333333333333,20242025
100.9,0.5326,20242025
101.0,0.5333333333333334,20242025
101.1,0.5360666666666668,20242025
101.2,0.5347999999999999,20242025
101.3,0.5359666666666666,20242025
101.4,0.5363000000000001,20242025
101.5,0.5368333333333335,20242025
101.6,0.5335666666666666,20242025
101.7,0.5341666666666668,20242025
101.8,0.5343,20242025
101.9,0.5315666666666666,20242025
102.0,0.5299333333333334,20242025
102.1,0.5300666666666667,20242025
102.2,0.5305000000000001,20242025
102.3,0.5317666666666666,20242025
102.4,0.5316000000000001,20242025
102.5,0.5335,20242025
102.6,0.5354333333333333,20242025
102.7,0.5361666666666666,20242025
102.8,0.5310000000000001,20242025
102.9,0.5315333333333334,20242025
103.0,0.5347666666666666,20242025
103.1,0.5329000000000002,20242025
103.2,0.5338999999999999,20242025
103.3,0.5312333333333333,20242025
103.4,0.5306666666666666,20242025
103.5,0.5271,20242025
103.6,0.5304666666666665,20242025
103.7,0.5302333333333334,20242025
103.8,0.5314000000000001,20242025
103.9,0.5353666666666668,20242025
104.0,0.5372666666666668,20242025
104.1,0.5367666666666666,20242025
104.2,0.5367666666666667,20242025
104.3,0.5330999999999999,20242025
104.4,0.5342666666666667,20242025
104.5,0.5330999999999999,20242025
104.6,0.5314000000000001,20242025
104.7,0.5291666666666666,20242025
104.8,0.53,20242025
104.9,0.5297333333333334,20242025
105.0,0.5283000000000002,20242025
105.1,0.5318,20242025
105.2,0.5311333333333333,20242025
105.3,0.5323666666666667,20242025
105.4,0.5316666666666667,20242025
105.5,0.5324333333333333,20242025
105.6,0.5320000000000001,20242025
105.7,0.5300333333333334,20242025
105.8,0.5313333333333332,20242025
105.9,0.5302000000000001,20242025
106.0,0.5305333333333332,20242025
106.1,0.5308333333333333,20242025
106.2,0.5338999999999999,20242025
106.3,0.5333333333333334,20242025
106.4,0.5341333333333333,20242025
106.5,0.5360666666666667,20242025
106.6,0.5345333333333334,20242025
106.7,0.5350666666666667,20242025
106.8,0.5376666666666666,20242025
106.9,0.5364666666666665,20242025
107.0,0.5361333333333335,20242025
107.1,0.5336666666666667,20242025
107.2,0.5356333333333333,20242025
107.3,0.5376,20242025
107.4,0.5387666666666667,20242025
107.5,0.5390999999999999,20242025
107.6,0.539,20242025
107.7,0.5383333333333334,20242025
107.8,0.5350333333333334,20242025
107.9,0.5366333333333333,20242025
108.0,0.5376333333333333,20242025
108.1,0.5408333333333334,20242025
108.2,0.5387666666666665,20242025
108.3,0.5362333333333333,20242025
108.4,0.5375666666666666,20242025
108.5,0.5363,20242025
108.6,0.5348666666666669,20242025
108.7,0.5333666666666667,20242025
108.8,0.5321333333333332,20242025
108.9,0.5309333333333334,20242025
109.0,0.5323666666666667,20242025
109.1,0.5341000000000001,20242025
109.2,0.5359666666666667,20242025
109.3,0.5373000000000001,20242025
109.4,0.5372666666666668,20242025
109.5,0.5368333333333335,20242025
109.6,0.5381333333333332,20242025
109.7,0.5355666666666665,20242025
109.8,0.5329999999999999,20242025
109.9,0.5330666666666667,20242025
110.0,0.5331666666666668,20242025
110.1,0.5327333333333333,20242025
110.2,0.5321333333333335,20242025
110.3,0.5331000000000001,20242025
110.4,0.5364000000000001,20242025
110.5,0.5328333333333333,20242025
110.6,0.5285333333333333,20242025
110.7,0.5302666666666667,20242025
110.8,0.5307333333333333,20242025
110.9,0.5272666666666668,20242025
111.0,0.5257333333333335,20242025
111.1,0.5317,20242025
111.2,0.5288666666666667,20242025
111.3,0.5296,20242025
111.4,0.5313333333333335,20242025
111.5,0.5300666666666667,20242025
111.6,0.5293000000000001,20242025
111.7,0.5286000000000001,20242025
111.8,0.5278666666666667,20242025
111.9,0.5265333333333333,20242025
112.0,0.5277333333333335,20242025
112.1,0.5304666666666668,20242025
112.2,0.5310333333333332,20242025
112.3,0.5314000000000001,20242025
112.4,0.5291333333333335,20242025
112.5,0.5283666666666667,20242025
112.6,0.5288666666666667,20242025
112.7,0.5301333333333333,20242025
112.8,0.5300999999999999,20242025
112.9,0.5315000000000001,20242025
113.0,0.5335333333333334,20242025
113.1,0.5322,20242025
113.2,0.5291666666666666,20242025
113.3,0.5275666666666667,20242025
113.4,0.528,20242025
113.5,0.5268333333333334,20242025
113.6,0.5291333333333333,20242025
113.7,0.5279333333333333,20242025
113.8,0.5273,20242025
113.9,0.5282666666666668,20242025
114.0,0.5269333333333335,20242025
114.1,0.5276333333333334,20242025
114.2,0.5275666666666666,20242025
114.3,0.5302000000000001,20242025
114.4,0.5317000000000002,20242025
114.5,0.5341000000000001,20242025
114.6,0.5375333333333335,20242025
114.7,0.5354333333333334,20242025
114.8,0.5332000000000001,20242025
114.9,0.5285,20242025
115.0,0.5267333333333333,20242025
115.1,0.5299333333333334,20242025
115.2,0.5310333333333334,20242025
115.3,0.5288333333333335,20242025
115.4,0.5293000000000001,20242025
115.5,0.5289333333333335,20242025
115.6,0.5306,20242025
115.7,0.5280666666666666,20242025
115.8,0.5249000000000001,20242025
115.9,0.5242333333333334,20242025
116.0,0.5251333333333333,20242025
116.1,0.5275333333333333,20242025
116.2,0.5291,20242025
116.3,0.5294,20242025
116.4,0.5319333333333334,20242025
116.5,0.5339999999999999,20242025
116.6,0.5315333333333333,20242025
116.7,0.5316000000000001,20242025
116.8,0.5313000000000002,20242025
116.9,0.5323,20242025
117.0,0.531,20242025
117.1,0.5305666666666667,20242025
117.2,0.5298333333333334,20242025
117.3,0.5306333333333334,20242025
117.4,0.5312666666666666,20242025
117.5,0.5301333333333333,20242025
117.6,0.5294333333333334,20242025
117.7,0.5303,20242025
117.8,0.5319,20242025
117.9,0.5303999999999999,20242025
118.0,0.5280666666666666,20242025
118.1,0.5275000000000001,20242025
118.2,0.5277666666666667,20242025
118.3,0.5264666666666666,20242025
118.4,0.5266666666666667,20242025
118.5,0.5279,20242025
118.6,0.5283666666666665,20242025
118.7,0.5271,20242025
118.8,0.5301333333333333,20242025
118.9,0.5288999999999999,20242025
119.0,0.5278333333333334,20242025
119.1,0.5310666666666667,20242025
119.2,0.5310000000000001,20242025
119.3,0.5291666666666667,20242025
119.4,0.5283000000000001,20242025
119.5,0.5292333333333333,20242025
119.6,0.5283333333333332,20242025
119.7,0.5293,20242025
119.8,0.5309333333333334,20242025
119.9,0.5318,20242025
120.0,0.5322000000000001,20242025
120.1,0.5299666666666666,20242025
120.2,0.5325333333333334,20242025
120.3,0.5307,20242025
120.4,0.5316666666666667,20242025
120.5,0.5312666666666668,20242025
120.6,0.5313333333333333,20242025
120.7,0.5301666666666667,20242025
120.8,0.5299000000000001,20242025
120.9,0.5308666666666666,20242025
121.0,0.5325666666666666,20242025
121.1,0.5305666666666666,20242025
121.2,0.5321666666666668,20242025
121.3,0.5329,20242025
121.4,0.5322,20242025
121.5,0.535,20242025
121.6,0.5347666666666665,20242025
121.7,0.5374666666666668,20242025
121.8,0.5351333333333333,20242025
121.9,0.5340666666666667,20242025
122.0,0.5329333333333334,20242025
122.1,0.5312,20242025
122.2,0.5318333333333334,20242025
122.3,0.5278333333333333,20242025
122.4,0.5320333333333334,20242025
122.5,0.5322666666666666,20242025
122.6,0.5318666666666666,20242025
122.7,0.5311666666666667,20242025
122.8,0.5262666666666668,20242025
122.9,0.5333000000000001,20242025
123.0,0.5329666666666666,20242025
123.1,0.5342333333333333,20242025
123.2,0.5338666666666667,20242025
123.3,0.5369666666666667,20242025
123.4,0.5348666666666666,20242025
123.5,0.5346,20242025
123.6,0.5331333333333335,20242025
123.7,0.5330333333333334,20242025
123.8,0.5291666666666667,20242025
123.9,0.5301999999999999,20242025
124.0,0.5312,20242025
124.1,0.5337999999999999,20242025
124.2,0.5334,20242025
124.3,0.5319666666666668,20242025
124.4,0.5337666666666666,20242025
124.5,0.5338999999999999,20242025
124.6,0.5320666666666666,20242025
124.7,0.5277666666666668,20242025
124.8,0.5308333333333334,20242025
124.9,0.5317333333333333,20242025
125.0,0.5331333333333333,20242025
125.1,0.5308666666666667,20242025
125.2,0.5322,20242025
125.3,0.5292999999999999,20242025
125.4,0.5313333333333332,20242025
125.5,0.5281333333333335,20242025
125.6,0.5284000000000002,20242025
125.7,0.5282666666666667,20242025
125.8,0.527,20242025
125.9,0.5261666666666667,20242025
126.0,0.5270333333333332,20242025
126.1,0.5311333333333333,20242025
126.2,0.5331000000000002,20242025
126.3,0.5337000000000001,20242025
126.4,0.5349666666666669,20242025
126.5,0.5340333333333332,20242025
126.6,0.5360666666666667,20242025
126.7,0.536,20242025
126.8,0.5322666666666667,20242025
126.9,0.5285666666666667,20242025
127.0,0.5294000000000001,20242025
127.1,0.5298666666666667,20242025
127.2,0.5261000000000001,20242025
127.3,0.5263666666666666,20242025
127.4,0.5288666666666668,20242025
127.5,0.5270666666666666,20242025
127.6,0.5285000000000001,20242025
127.7,0.5291999999999999,20242025
127.8,0.5304666666666666,20242025
127.9,0.5309666666666666,20242025
128.0,0.5300000000000001,20242025
128.1,0.5285666666666667,20242025
128.2,0.5335000000000001,20242025
128.3,0.5291666666666666,20242025
128.4,0.5293333333333333,20242025
128.5,0.5321666666666666,20242025
128.6,0.5354,20242025
128.7,0.5377,20242025
128.8,0.5379333333333334,20242025
128.9,0.5378000000000001,20242025
129.0,0.5345999999999999,20242025
129.1,0.5322,20242025
129.2,0.5310666666666667,20242025
129.3,0.5292000000000001,20242025
129.4,0.5304000000000001,20242025
129.5,0.5297666666666667,20242025
129.6,0.5322666666666669,20242025
129.7,0.5325333333333334,20242025
129.8,0.5315000000000002,20242025
129.9,0.5292333333333334,20242025
130.0,0.5308,20242025
130.1,0.5312666666666667,20242025
130.2,0.5317333333333334,20242025
130.3,0.5294666666666669,20242025
130.4,0.5319666666666668,20242025
130.5,0.5314333333333334,20242025
130.6,0.5320333333333334,20242025
130.7,0.5349666666666667,20242025
130.8,0.5374333333333333,20242025
130.9,0.5356333333333334,20242025
131.0,0.5361333333333334,20242025
131.1,0.5306333333333334,20242025
131.2,0.5343666666666667,20242025
131.3,0.5335000000000001,20242025
131.4,0.5321666666666667,20242025
131.5,0.5281,20242025
131.6,0.5263,20242025
131.7,0.5308,20242025
131.8,0.5343666666666668,20242025
131.9,0.5314666666666666,20242025
132.0,0.5312333333333332,20242025
132.1,0.5279666666666666,20242025
132.2,0.5287666666666667,20242025
132.3,0.5266000000000001,20242025
132.4,0.5296333333333332,20242025
132.5,0.5287666666666666,20242025
132.6,0.5272000000000001,20242025
132.7,0.5261333333333335,20242025
132.8,0.5311,20242025
132.9,0.5326666666666667,20242025
133.0,0.5340666666666667,20242025
133.1,0.5317000000000001,20242025
133.2,0.5345333333333334,20242025
133.3,0.5347666666666666,20242025
133.4,0.5346666666666665,20242025
133.5,0.5375666666666666,20242025
133.6,0.5364,20242025
133.7,0.5375999999999999,20242025
133.8,0.5360999999999999,20242025
133.9,0.5372000000000001,20242025
134.0,0.5334,20242025
134.1,0.5348666666666667,20242025
134.2,0.5348333333333334,20242025
134.3,0.5326333333333334,20242025
134.4,0.5297666666666667,20242025
134.5,0.5299666666666666,20242025
134.6,0.5317000000000001,20242025
134.7,0.5321666666666667,20242025
134.8,0.5312666666666667,20242025
134.9,0.5318,20242025
135.0,0.5282000000000001,20242025
135.1,0.5316666666666668,20242025
135.2,0.5314333333333334,20242025
135.3,0.5320666666666667,20242025
135.4,0.5295333333333334,20242025
135.5,0.5302666666666666,20242025
135.6,0.5316333333333333,20242025
135.7,0.5286333333333333,20242025
135.8,0.5333000000000001,20242025
135.9,0.5340333333333335,20242025
136.0,0.5312,20242025
136.1,0.5297333333333333,20242025
136.2,0.5283333333333334,20242025
136.3,0.5310333333333332,20242025
136.4,0.5310999999999999,20242025
136.5,0.5349333333333334,20242025
136.6,0.5318,20242025
136.7,0.5311666666666667,20242025
136.8,0.5298333333333333,20242025
136.9,0.5296333333333333,20242025
137.0,0.5309,20242025
137.1,0.5289,20242025
137.2,0.5280666666666667,20242025
137.3,0.5295,20242025
137.4,0.5296,20242025
137.5,0.5307,20242025
137.6,0.5265333333333335,20242025
137.7,0.5249,20242025
137.8,0.5292666666666666,20242025
137.9,0.5264,20242025
138.0,0.5294,20242025
138.1,0.5268666666666666,20242025
138.2,0.5284666666666666,20242025
138.3,0.5307666666666667,20242025
138.4,0.5325333333333334,20242025
138.5,0.5321333333333333,20242025
138.6,0.532,20242025
138.7,0.5328333333333333,20242025
138.8,0.5323666666666667,20242025
138.9,0.5332000000000001,20242025
139.0,0.5320666666666667,20242025
139.1,0.5335000000000001,20242025
139.2,0.5354333333333333,20242025
139.3,0.5368666666666667,20242025
139.4,0.5359666666666667,20242025
139.5,0.5335333333333333,20242025
139.6,0.5383666666666667,20242025
139.7,0.5359666666666667,20242025
139.8,0.5375666666666666,20242025
139.9,0.5356000000000001,20242025
140.0,0.5329666666666666,20242025
140.1,0.5340666666666666,20242025
140.2,0.5311666666666667,20242025
140.3,0.5300666666666667,20242025
140.4,0.5334333333333333,20242025
140.5,0.5327666666666667,20242025
140.6,0.5368666666666667,20242025
140.7,0.5351333333333332,20242025
140.8,0.5337666666666667,20242025
140.9,0.5364,20242025
141.0,0.5359,20242025
141.1,0.5335000000000001,20242025
141.2,0.5290666666666667,20242025
141.3,0.5306666666666667,20242025
141.4,0.5302666666666667,20242025
141.5,0.5344666666666668,20242025
141.6,0.5350333333333335,20242025
141.7,0.5333,20242025
141.8,0.5368333333333333,20242025
141.9,0.5350333333333334,20242025
142.0,0.5359,20242025
142.1,0.5348333333333334,20242025
142.2,0.5344000000000002,20242025
142.3,0.5313333333333332,20242025
142.4,0.5343333333333332,20242025
142.5,0.5327999999999999,20242025
142.6,0.5327000000000001,20242025
142.7,0.5334000000000001,20242025
142.8,0.5345333333333333,20242025
142.9,0.5374333333333335,20242025
143.0,0.5339000000000002,20242025
143.1,0.5321666666666667,20242025
143.2,0.5364666666666668,20242025
143.3,0.5370666666666666,20242025
143.4,0.5362333333333335,20242025
143.5,0.5323666666666668,20242025
143.6,0.5332999999999999,20242025
143.7,0.5328666666666667,20242025
143.8,0.5351,20242025
143.9,0.5349333333333334,20242025
144.0,0.535,20242025
144.1,0.5340333333333334,20242025
144.2,0.5345,20242025
144.3,0.5341000000000001,20242025
144.4,0.5337000000000001,20242025
144.5,0.5373000000000001,20242025
144.6,0.5367333333333334,20242025
144.7,0.5382000000000001,20242025
144.8,0.538,20242025
144.9,0.5375333333333334,20242025
145.0,0.5353,20242025
145.1,0.5356333333333333,20242025
145.2,0.5378000000000002,20242025
145.3,0.5342,20242025
145.4,0.5334666666666669,20242025
145.5,0.5370333333333334,20242025
145.6,0.5345666666666666,20242025
145.7,0.5351666666666668,20242025
145.8,0.5349333333333331,20242025
145.9,0.5333666666666669,20242025
146.0,0.5350333333333334,20242025
146.1,0.5358666666666667,20242025
146.2,0.5338999999999999,20242025
146.3,0.5318666666666666,20242025
146.4,0.5297666666666667,20242025
146.5,0.5282,20242025
146.6,0.5302333333333333,20242025
146.7,0.5351666666666667,20242025
146.8,0.5355000000000001,20242025
146.9,0.5314666666666668,20242025
147.0,0.5331,20242025
147.1,0.5317666666666667,20242025
147.2,0.5301000000000001,20242025
147.3,0.5343999999999999,20242025
147.4,0.5338333333333334,20242025
147.5,0.5320333333333334,20242025
147.6,0.5312333333333333,20242025
147.7,0.5309333333333334,20242025
147.8,0.5274333333333333,20242025
147.9,0.5313,20242025
148.0,0.5314000000000001,20242025
148.1,0.5290333333333334,20242025
148.2,0.5321000000000001,20242025
148.3,0.5331,20242025
148.4,0.5312666666666667,20242025
148.5,0.5307,20242025
148.6,0.5345666666666666,20242025
148.7,0.5322333333333334,20242025
148.8,0.5315333333333332,20242025
148.9,0.5292999999999999,20242025
149.0,0.5303666666666667,20242025
149.1,0.5344000000000001,20242025
149.2,0.5318333333333334,20242025
149.3,0.5345333333333335,20242025
149.4,0.5349333333333334,20242025
149.5,0.5359666666666668,20242025
149.6,0.5353,20242025
149.7,0.5359333333333332,20242025
149.8,0.5347333333333334,20242025
149.9,0.5344333333333332,20242025
150.0,0.5333333333333334,20242025
150.1,0.5293333333333334,20242025
150.2,0.5298,20242025
150.3,0.5292333333333334,20242025
150.4,0.5302333333333332,20242025
150.5,0.5281000000000001,20242025
150.6,0.5281333333333333,20242025
150.7,0.5281666666666666,20242025
150.8,0.5268,20242025
150.9,0.5272333333333336,20242025
151.0,0.5306333333333333,20242025
151.1,0.5291,20242025
151.2,0.5305000000000001,20242025
151.3,0.5301000000000001,20242025
151.4,0.5297000000000001,20242025
151.5,0.5300666666666667,20242025
151.6,0.5318333333333333,20242025
151.7,0.5365333333333333,20242025
151.8,0.5341,20242025
151.9,0.5365333333333333,20242025
152.0,0.5377,20242025
152.1,0.5366333333333333,20242025
152.2,0.5333333333333332,20242025
152.3,0.5299333333333334,20242025
152.4,0.5294333333333332,20242025
152.5,0.5331333333333335,20242025
152.6,0.5291666666666666,20242025
152.7,0.5260666666666668,20242025
152.8,0.5267333333333333,20242025
152.9,0.5257333333333333,20242025
153.0,0.5281666666666668,20242025
153.1,0.5309666666666667,20242025
153.2,0.5312,20242025
153.3,0.5330666666666667,20242025
153.4,0.5342333333333333,20242025
153.5,0.5340000000000001,20242025
153.6,0.5342999999999999,20242025
153.7,0.5368666666666666,20242025
153.8,0.5385333333333333,20242025
153.9,0.5344666666666669,20242025
154.0,0.5352,20242025
154.1,0.5355000000000001,20242025
154.2,0.5371666666666667,20242025
154.3,0.5351,20242025
154.4,0.5344333333333334,20242025
154.5,0.5357333333333334,20242025
154.6,0.5355999999999999,20242025
154.7,0.5342333333333332,20242025
154.8,0.5358333333333333,20242025
154.9,0.5357,20242025
155.0,0.5357666666666667,20242025
155.1,0.5358999999999999,20242025
155.2,0.5320666666666667,20242025
155.3,0.5316666666666667,20242025
155.4,0.5313999999999999,20242025
155.5,0.5293666666666668,20242025
155.6,0.5285333333333334,20242025
155.7,0.5331666666666666,20242025
155.8,0.5336666666666666,20242025
155.9,0.5324333333333333,20242025
156.0,0.5330333333333334,20242025
156.1,0.5313666666666667,20242025
156.2,0.5316,20242025
156.3,0.5294666666666666,20242025
156.4,0.5314666666666666,20242025
156.5,0.5306666666666667,20242025
156.6,0.5299333333333334,20242025
156.7,0.5316,20242025
156.8,0.5322333333333332,20242025
156.9,0.5318333333333335,20242025
157.0,0.5334666666666668,20242025
157.1,0.5311333333333333,20242025
157.2,0.5311333333333335,20242025
157.3,0.5337999999999998,20242025
157.4,0.5343333333333333,20242025
157.5,0.5340000000000001,20242025
157.6,0.5358666666666667,20242025
157.7,0.5391333333333334,20242025
157.8,0.5375,20242025
157.9,0.5400333333333334,20242025
158.0,0.5386666666666666,20242025
158.1,0.5374666666666668,20242025
158.2,0.5371999999999999,20242025
158.3,0.5376000000000001,20242025
158.4,0.5378666666666667,20242025
158.5,0.5388333333333333,20242025
158.6,0.5346,20242025
158.7,0.5362666666666668,20242025
158.8,0.5375333333333333,20242025
158.9,0.5362666666666667,20242025
159.0,0.5346999999999998,20242025
159.1,0.5352000000000001,20242025
159.2,0.5346333333333334,20242025
159.3,0.5336333333333333,20242025
159.4,0.5345666666666667,20242025
159.5,0.5347666666666667,20242025
159.6,0.5324666666666666,20242025
159.7,0.5316333333333333,20242025
159.8,0.5291333333333333,20242025
159.9,0.532,20242025
160.0,0.5316333333333333,20242025
160.1,0.5351666666666667,20242025
160.2,0.5342,20242025
160.3,0.5320333333333332,20242025
160.4,0.531,20242025
160.5,0.5296000000000001,20242025
160.6,0.5286666666666666,20242025
160.7,0.5280333333333334,20242025
160.8,0.5272666666666667,20242025
160.9,0.5276333333333334,20242025
161.0,0.5284333333333333,20242025
161.1,0.5319666666666666,20242025
161.2,0.5347000000000001,20242025
161.3,0.5364666666666668,20242025
161.4,0.5366333333333334,20242025
161.5,0.5377000000000002,20242025
161.6,0.5326666666666667,20242025
161.7,0.5341999999999999,20242025
161.8,0.5354333333333333,20242025
161.9,0.5338,20242025
162.0,0.5328666666666668,20242025
162.1,0.5332666666666667,20242025
162.2,0.5378,20242025
162.3,0.5410333333333333,20242025
162.4,0.5391666666666667,20242025
162.5,0.5392666666666667,20242025
162.6,0.5391666666666667,20242025
162.7,0.5386000000000002,20242025
162.8,0.5359666666666667,20242025
162.9,0.5339000000000002,20242025
163.0,0.5347333333333333,20242025
163.1,0.5357666666666668,20242025
163.2,0.5313666666666665,20242025
163.3,0.5337666666666666,20242025
163.4,0.5337333333333335,20242025
163.5,0.5327,20242025
163.6,0.5344,20242025
163.7,0.5369000000000003,20242025
163.8,0.5359333333333333,20242025
163.9,0.5379666666666666,20242025
164.0,0.5392666666666667,20242025
164.1,0.5385666666666666,20242025
164.2,0.5353666666666667,20242025
164.3,0.5319333333333333,20242025
164.4,0.5313333333333333,20242025
164.5,0.5289666666666667,20242025
164.6,0.5292666666666667,20242025
164.7,0.5292333333333334,20242025
164.8,0.5299,20242025
164.9,0.5279666666666667,20242025
165.0,0.5297666666666667,20242025
165.1,0.5307999999999999,20242025
165.2,0.5299666666666666,20242025
165.3,0.5295333333333333,20242025
165.4,0.5282000000000001,20242025
165.5,0.531,20242025
165.6,0.5291333333333335,20242025
165.7,0.5293000000000001,20242025
165.8,0.5335666666666667,20242025
165.9,0.5317333333333335,20242025
166.0,0.5331333333333333,20242025
166.1,0.5316333333333334,20242025
166.2,0.5315333333333334,20242025
166.3,0.5281333333333333,20242025
166.4,0.5319,20242025
166.5,0.5305333333333333,20242025
166.6,0.5296666666666666,20242025
166.7,0.5323333333333334,20242025
166.8,0.5324000000000001,20242025
166.9,0.5338666666666667,20242025
167.0,0.5334,20242025
167.1,0.5332666666666667,20242025
167.2,0.5318333333333334,20242025
167.3,0.5332666666666667,20242025
167.4,0.5347666666666666,20242025
167.5,0.5349,20242025
167.6,0.5337333333333334,20242025
167.7,0.5347666666666666,20242025
167.8,0.5346333333333334,20242025
167.9,0.5356000000000001,20242025
168.0,0.5341333333333332,20242025
168.1,0.5328666666666667,20242025
168.2,0.5312666666666666,20242025
168.3,0.5313000000000001,20242025
168.4,0.5295000000000002,20242025
168.5,0.528,20242025
168.6,0.5295333333333335,20242025
168.7,0.5283333333333334,20242025
168.8,0.5288666666666667,20242025
168.9,0.5278333333333333,20242025
169.0,0.5298666666666667,20242025
169.1,0.5286333333333334,20242025
169.2,0.5290333333333334,20242025
169.3,0.5302333333333333,20242025
169.4,0.5295333333333334,20242025
169.5,0.5292333333333333,20242025
169.6,0.5313666666666667,20242025
169.7,0.5317666666666666,20242025
169.8,0.5323333333333333,20242025
169.9,0.5222666666666667,20242025
170.0,0.5216666666666667,20242025
170.1,0.5257,20242025
170.2,0.5239000000000001,20242025
170.3,0.5241333333333332,20242025
170.4,0.5258666666666667,20242025
170.5,0.5284000000000001,20242025
170.6,0.5316000000000002,20242025
170.7,0.5309666666666667,20242025
170.8,0.5301,20242025
170.9,0.5335,20242025
171.0,0.5329333333333334,20242025
171.1,0.5288333333333333,20242025
171.2,0.5313666666666668,20242025
171.3,0.5309,20242025
171.4,0.5290666666666668,20242025
171.5,0.5269666666666667,20242025
171.6,0.5260000000000001,20242025
171.7,0.5274333333333333,20242025
171.8,0.5279666666666667,20242025
171.9,0.5298333333333333,20242025
172.0,0.5308666666666667,20242025
172.1,0.5284,20242025
172.2,0.5289333333333333,20242025
172.3,0.5303666666666668,20242025
172.4,0.5310333333333332,20242025
172.5,0.5305,20242025
172.6,0.5347666666666668,20242025
172.7,0.5345333333333334,20242025
172.8,0.5339333333333333,20242025
172.9,0.5333666666666667,20242025
173.0,0.5339333333333334,20242025
173.1,0.5357666666666668,20242025
173.2,0.5357333333333334,20242025
173.3,0.5330666666666667,20242025
173.4,0.5291666666666666,20242025
173.5,0.5300666666666667,20242025
173.6,0.5299333333333334,20242025
173.7,0.5303333333333334,20242025
173.8,0.5315,20242025
173.9,0.5364666666666665,20242025
174.0,0.5367666666666667,20242025
174.1,0.5378666666666666,20242025
174.2,0.5382666666666668,20242025
174.3,0.5381666666666667,20242025
174.4,0.5356333333333334,20242025
174.5,0.5366000000000001,20242025
174.6,0.5356,20242025
174.7,0.5346000000000001,20242025
174.8,0.5379,20242025
174.9,0.5366000000000001,20242025
175.0,0.5345000000000001,20242025
175.1,0.5316,20242025
175.2,0.5309333333333334,20242025
175.3,0.5280999999999999,20242025
175.4,0.5317333333333332,20242025
175.5,0.5302333333333333,20242025
175.6,0.5308999999999999,20242025
175.7,0.5302666666666667,20242025
175.8,0.5333666666666667,20242025
175.9,0.5333666666666669,20242025
176.0,0.5361,20242025
176.1,0.5351333333333332,20242025
176.2,0.5382666666666667,20242025
176.3,0.5391666666666668,20242025
176.4,0.5383666666666667,20242025
176.5,0.5382,20242025
176.6,0.5434666666666668,20242025
176.7,0.5411333333333332,20242025
176.8,0.5418333333333333,20242025
176.9,0.5392,20242025
177.0,0.5364666666666665,20242025
177.1,0.5368333333333334,20242025
177.2,0.536,20242025
177.3,0.537,20242025
177.4,0.5358,20242025
177.5,0.5347333333333334,20242025
177.6,0.5320000000000001,20242025
177.7,0.5386666666666666,20242025
177.8,0.5379,20242025
177.9,0.5358,20242025
178.0,0.5280666666666667,20242025
178.1,0.5262666666666668,20242025
178.2,0.5262,20242025
178.3,0.5279333333333334,20242025
178.4,0.5315333333333334,20242025
178.5,0.5301666666666668,20242025
178.6,0.5316000000000002,20242025
178.7,0.5297666666666666,20242025
178.8,0.5275000000000001,20242025
178.9,0.5286666666666667,20242025
179.0,0.5308333333333333,20242025
179.1,0.5322000000000001,20242025
179.2,0.5322333333333333,20242025
179.3,0.5287000000000001,20242025
179.4,0.5269999999999999,20242025
179.5,0.5278333333333334,20242025
179.6,0.5277333333333334,20242025
179.7,0.5247333333333332,20242025
179.8,0.5275666666666667,20242025
179.9,0.5315333333333333,20242025
180.0,0.5307333333333335,20242025
180.1,0.5287,20242025
180.2,0.5286333333333333,20242025
180.3,0.5251666666666668,20242025
180.4,0.5246666666666667,20242025
180.5,0.5248333333333333,20242025
180.6,0.5290666666666668,20242025
180.7,0.5287333333333334,20242025
180.8,0.5297333333333333,20242025
180.9,0.5315,20242025
181.0,0.5317,20242025
181.1,0.5282333333333332,20242025
181.2,0.5292333333333332,20242025
181.3,0.5305333333333333,20242025
181.4,0.5304333333333333,20242025
181.5,0.5301,20242025
181.6,0.5299333333333334,20242025
181.7,0.5323333333333334,20242025
181.8,0.5283333333333334,20242025
181.9,0.5278666666666666,20242025
182.0,0.5291666666666666,20242025
182.1,0.5322666666666667,20242025
182.2,0.5326666666666665,20242025
182.3,0.5294666666666668,20242025
182.4,0.5304666666666666,20242025
182.5,0.5297000000000001,20242025
182.6,0.5269666666666667,20242025
182.7,0.5270666666666667,20242025
182.8,0.5284333333333333,20242025
182.9,0.5317,20242025
183.0,0.5323666666666667,20242025
183.1,0.5294666666666666,20242025
183.2,0.5298,20242025
183.3,0.5322,20242025
183.4,0.5310666666666667,20242025
183.5,0.5323,20242025
183.6,0.5316333333333333,20242025
183.7,0.5313666666666668,20242025
183.8,0.5339666666666667,20242025
183.9,0.5323666666666668,20242025
184.0,0.531,20242025
184.1,0.5342000000000001,20242025
184.2,0.5314,20242025
184.3,0.5253,20242025
184.4,0.5258999999999999,20242025
184.5,0.5221,20242025
184.6,0.5249333333333333,20242025
184.7,0.5225000000000001,20242025
184.8,0.5252666666666667,20242025
184.9,0.5257000000000001,20242025
185.0,0.5239333333333334,20242025
185.1,0.5264000000000001,20242025
185.2,0.5276,20242025
185.3,0.5269000000000001,20242025
185.4,0.5264000000000001,20242025
185.5,0.5265666666666665,20242025
185.6,0.5285333333333334,20242025
185.7,0.5309333333333334,20242025
185.8,0.5303333333333332,20242025
185.9,0.5293,20242025
186.0,0.5299333333333334,20242025
186.1,0.5291,20242025
186.2,0.5317,20242025
186.3,0.5334333333333333,20242025
186.4,0.5332666666666666,20242025
186.5,0.5329333333333333,20242025
186.6,0.5317333333333334,20242025
186.7,0.5323999999999999,20242025
186.8,0.5292,20242025
186.9,0.5301333333333333,20242025
187.0,0.5314333333333334,20242025
187.1,0.5337000000000002,20242025
187.2,0.5353666666666668,20242025
187.3,0.5311666666666667,20242025
187.4,0.5323000000000001,20242025
187.5,0.5337333333333334,20242025
187.6,0.5345333333333334,20242025
187.7,0.5316,20242025
187.8,0.5308,20242025
187.9,0.5303333333333333,20242025
188.0,0.5311666666666666,20242025
188.1,0.5316666666666667,20242025
188.2,0.5305666666666667,20242025
188.3,0.534,20242025
188.4,0.5326,20242025
188.5,0.5299666666666665,20242025
188.6,0.5315333333333334,20242025
188.7,0.5332333333333332,20242025
188.8,0.5314333333333333,20242025
188.9,0.5301666666666668,20242025
189.0,0.5333333333333333,20242025
189.1,0.5301333333333333,20242025
189.2,0.5269333333333334,20242025
189.3,0.5249666666666667,20242025
189.4,0.5228333333333334,20242025
189.5,0.5280333333333334,20242025
189.6,0.5269999999999999,20242025
189.7,0.5267000000000001,20242025
189.8,0.5268,20242025
189.9,0.5290333333333332,20242025
190.0,0.5295333333333333,20242025
190.1,0.5264666666666666,20242025
190.2,0.5257000000000001,20242025
190.3,0.5266666666666668,20242025
190.4,0.5309,20242025
190.5,0.5294333333333335,20242025
190.6,0.5304999999999999,20242025
190.7,0.5338999999999999,20242025
190.8,0.5306666666666667,20242025
190.9,0.5325000000000001,20242025
191.0,0.5352333333333334,20242025
191.1,0.5370333333333334,20242025
191.2,0.5365333333333333,20242025
191.3,0.5362666666666667,20242025
191.4,0.5353666666666668,20242025
191.5,0.5349666666666667,20242025
191.6,0.5333666666666665,20242025
191.7,0.5323333333333333,20242025
191.8,0.5315666666666666,20242025
191.9,0.5285999999999998,20242025
192.0,0.5297333333333333,20242025
192.1,0.5301666666666668,20242025
192.2,0.5323000000000001,20242025
192.3,0.5304000000000001,20242025
192.4,0.5274666666666668,20242025
192.5,0.5245000000000001,20242025
192.6,0.5260333333333334,20242025
192.7,0.5307999999999999,20242025
192.8,0.5299666666666667,20242025
192.9,0.5298,20242025
193.0,0.5286666666666667,20242025
193.1,0.5250333333333334,20242025
193.2,0.5241333333333333,20242025
193.3,0.5242333333333333,20242025
193.4,0.5261666666666668,20242025
193.5,0.5303,20242025
193.6,0.5292999999999999,20242025
193.7,0.5285,20242025
193.8,0.5311,20242025
193.9,0.5320666666666667,20242025
194.0,0.5331666666666668,20242025
194.1,0.5348333333333333,20242025
194.2,0.5356333333333334,20242025
194.3,0.5323333333333332,20242025
194.4,0.5323333333333335,20242025
194.5,0.5316666666666668,20242025
194.6,0.5339666666666666,20242025
194.7,0.5348666666666666,20242025
194.8,0.5338333333333334,20242025
194.9,0.5354333333333333,20242025
195.0,0.5344666666666666,20242025
195.1,0.5327000000000001,20242025
195.2,0.5319,20242025
195.3,0.5316333333333333,20242025
195.4,0.5270999999999999,20242025
195.5,0.5253000000000001,20242025
195.6,0.5287666666666667,20242025
195.7,0.5323666666666668,20242025
195.8,0.5310666666666667,20242025
195.9,0.5297,20242025
196.0,0.5286000000000001,20242025
196.1,0.5294666666666666,20242025
196.2,0.5309,20242025
196.3,0.5304666666666668,20242025
196.4,0.5331666666666667,20242025
196.5,0.5343333333333333,20242025
196.6,0.5364999999999999,20242025
196.7,0.5343000000000002,20242025
196.8,0.5343,20242025
196.9,0.5310333333333334,20242025
197.0,0.5293666666666665,20242025
197.1,0.5281333333333333,20242025
197.2,0.5271666666666667,20242025
197.3,0.5272333333333333,20242025
197.4,0.5280333333333334,20242025
197.5,0.5307666666666667,20242025
197.6,0.5298999999999999,20242025
197.7,0.5302666666666667,20242025
197.8,0.5334999999999999,20242025
197.9,0.5318333333333334,20242025
198.0,0.5313333333333333,20242025
198.1,0.5326000000000001,20242025
198.2,0.5322333333333333,20242025
198.3,0.5308333333333334,20242025
198.4,0.5351333333333332,20242025
198.5,0.5342333333333333,20242025
198.6,0.5366,20242025
198.7,0.5347666666666666,20242025
198.8,0.5311999999999999,20242025
198.9,0.5378333333333332,20242025
199.0,0.5348000000000002,20242025
199.1,0.5344666666666666,20242025
199.2,0.5366666666666666,20242025
199.3,0.5358666666666667,20242025
199.4,0.5357666666666667,20242025
199.5,0.5424666666666667,20242025
199.6,0.5398000000000001,20242025
199.7,0.5393,20242025
199.8,0.5353666666666665,20242025
199.9,0.5358,20242025
