k,Media_Frac_Coop,Desvio_Padrao_da_Media,Semente_Base
2,1.0,0.0,20242025
4,0.6163825555555557,0.000983232162982338,20242025
6,0.5617478888888889,0.000875298430132076,20242025
8,0.5417157777777779,0.0006711713864684033,20242025
10,0.5308698888888889,0.0008282938763996063,20242025
12,0.5256117777777778,0.0006749258794720509,20242025
14,0.5210083333333334,0.0008054007172395649,20242025
16,0.5181512222222223,0.0006197360427683795,20242025
18,0.5164880000000001,0.0006846397486325198,20242025
20,0.5132774444444445,0.0006916710658262209,20242025
