p,Media_Frac_Coop,Desvio_Padrao_da_Media,Semente_Base
0.0,0.536046,0.0007950382259343735,20242025
0.1,0.5345803333333334,0.000719453604930075,20242025
0.2,0.5309014444444444,0.0005865019419991246,20242025
0.3,0.5330084444444444,0.000894353455599145,20242025
0.4,0.5309228888888889,0.0007503345182835648,20242025
0.5,0.5300517777777778,0.000709206282463565,20242025
0.6,0.5312886666666666,0.0007790278944678151,20242025
0.7,0.5321051111111111,0.0007376399295232986,20242025
0.8,0.5303131111111111,0.0009224131010278155,20242025
0.9,0.5307134444444445,0.0008296416906030994,20242025
1.0,0.5314145555555555,0.0007030192645006105,20242025
